month;GPR;SHARE_GPR;N10;GPRC_ARG;GPRC_AUS;GPRC_BEL;GPRC_BRA;GPRC_CAN;GPRC_CHE;GPRC_CHL;GPRC_CHN;GPRC_COL;GPRC_DEU;GPRC_DNK;GPRC_EGY;GPRC_ESP;GPRC_FIN;GPRC_FRA;GPRC_GBR;GPRC_HKG;GPRC_HUN;GPRC_IDN;GPRC_IND;GPRC_ISR;GPRC_ITA;GPRC_JPN;GPRC_KOR;GPRC_MEX;GPRC_MYS;GPRC_NLD;GPRC_NOR;GPRC_PER;GPRC_PHL;GPRC_POL;GPRC_PRT;GPRC_RUS;GPRC_SAU;GPRC_SWE;GPRC_THA;GPRC_TUN;GPRC_TUR;GPRC_TWN;GPRC_UKR;GPRC_USA;GPRC_VEN;GPRC_VNM;GPRC_ZAF;;;;;
01/01/1996;75,63;2,27;26316;0,02;0,04;0,05;0,02;0,13;0,04;0,01;0,21;0,06;0,23;0,00;0,08;0,07;0,02;0,32;0,51;0,03;0,03;0,06;0,19;0,18;0,06;0,11;0,07;0,05;0,01;0,05;0,04;0,01;0,05;0,05;0,05;0,77;0,10;0,03;0,01;0,01;0,22;0,05;0,04;1,47;0,02;0,01;0,04;;;;73,90560202;38,56358219
01/02/1996;80,42;2,41;25123;0,02;0,04;0,06;0,01;0,15;0,04;0,01;0,40;0,05;0,31;0,03;0,06;0,09;0,04;0,39;0,70;0,03;0,04;0,03;0,14;0,23;0,15;0,13;0,12;0,10;0,02;0,06;0,04;0,02;0,03;0,06;0,01;0,47;0,06;0,06;0,03;0,00;0,10;0,18;0,03;1,65;0,00;0,01;0,04;;;;;73,31861234
01/03/1996;82,15;2,46;27233;0,01;0,04;0,08;0,00;0,14;0,02;0,01;0,39;0,05;0,22;0,02;0,24;0,10;0,01;0,23;0,51;0,08;0,03;0,01;0,08;0,79;0,10;0,21;0,11;0,07;0,01;0,04;0,09;0,02;0,02;0,05;0,01;0,53;0,10;0,05;0,03;0,01;0,10;0,30;0,02;1,72;0,01;0,01;0,01;;;;;71,64235012
01/04/1996;84,83;2,54;25036;0,02;0,03;0,05;0,03;0,09;0,02;0,00;0,36;0,04;0,18;0,02;0,13;0,04;0,02;0,32;0,50;0,04;0,02;0,02;0,14;0,65;0,09;0,23;0,20;0,04;0,01;0,02;0,02;0,00;0,01;0,05;0,00;0,65;0,05;0,03;0,02;0,01;0,10;0,16;0,05;1,78;0,00;0,01;0,04;;;;;66,84795872
01/05/1996;65,53;1,97;27321;0,03;0,05;0,05;0,01;0,12;0,04;0,01;0,30;0,02;0,22;0,00;0,08;0,07;0,01;0,28;0,49;0,05;0,01;0,03;0,19;0,34;0,04;0,12;0,12;0,06;0,03;0,04;0,05;0,00;0,02;0,01;0,00;0,44;0,07;0,02;0,01;0,00;0,10;0,06;0,02;1,32;0,01;0,02;0,02;;;;;55,14692258
01/06/1996;69,09;2,07;28713;0,01;0,07;0,06;0,02;0,15;0,06;0,02;0,28;0,03;0,23;0,01;0,19;0,06;0,01;0,37;0,71;0,03;0,02;0,03;0,22;0,43;0,10;0,18;0,09;0,05;0,03;0,05;0,07;0,01;0,02;0,03;0,01;0,55;0,27;0,04;0,02;0,03;0,10;0,04;0,05;1,31;0,00;0,02;0,05;;;;;51,76752946
01/07/1996;80,64;2,42;29353;0,03;0,05;0,10;0,02;0,16;0,03;0,01;0,19;0,01;0,18;0,04;0,07;0,08;0,02;0,48;0,82;0,04;0,02;0,09;0,18;0,29;0,08;0,14;0,09;0,09;0,03;0,06;0,03;0,02;0,03;0,03;0,02;0,46;0,26;0,04;0,06;0,01;0,05;0,06;0,00;1,60;0,01;0,01;0,04;;;;;35,58581768
01/08/1996;81,69;2,45;28121;0,02;0,06;0,08;0,01;0,15;0,04;0,01;0,19;0,03;0,20;0,01;0,10;0,06;0,01;0,40;0,73;0,02;0,01;0,05;0,22;0,38;0,06;0,05;0,04;0,13;0,03;0,04;0,02;0,02;0,04;0,01;0,00;0,59;0,16;0,00;0,02;0,00;0,16;0,03;0,02;1,60;0,01;0,01;0,09;;;;;35,12522088
01/09/1996;88,20;2,65;27104;0,02;0,08;0,07;0,02;0,15;0,04;0,01;0,23;0,14;0,29;0,01;0,25;0,10;0,03;0,56;0,94;0,01;0,03;0,04;0,17;0,43;0,07;0,17;0,11;0,20;0,01;0,06;0,08;0,01;0,04;0,03;0,00;0,58;0,40;0,04;0,03;0,01;0,45;0,03;0,03;2,02;0,01;0,02;0,07;;;;;41,0909281
01/10/1996;55,59;1,67;30769;0,03;0,04;0,07;0,02;0,11;0,03;0,01;0,11;0,05;0,13;0,01;0,09;0,05;0,01;0,23;0,47;0,03;0,05;0,05;0,07;0,22;0,03;0,10;0,07;0,06;0,02;0,02;0,07;0,01;0,01;0,07;0,02;0,32;0,05;0,05;0,03;0,00;0,09;0,03;0,02;1,07;0,01;0,00;0,09;;;;;20,14097477
01/11/1996;57,34;1,72;29477;0,03;0,06;0,09;0,02;0,21;0,02;0,03;0,19;0,03;0,12;0,01;0,06;0,08;0,01;0,33;0,54;0,05;0,02;0,03;0,11;0,17;0,09;0,09;0,08;0,08;0,02;0,03;0,03;0,03;0,10;0,07;0,02;0,25;0,07;0,03;0,04;0,00;0,05;0,06;0,04;1,09;0,01;0,01;0,04;;;;;33,93095097
01/12/1996;74,98;2,25;26456;0,02;0,04;0,14;0,04;0,23;0,05;0,01;0,22;0,06;0,22;0,02;0,06;0,15;0,03;0,38;0,81;0,06;0,09;0,03;0,15;0,13;0,08;0,39;0,16;0,06;0,03;0,03;0,03;0,35;0,03;0,11;0,04;0,46;0,07;0,02;0,05;0,01;0,14;0,05;0,04;1,51;0,02;0,02;0,06;;;;;40,47771059
01/01/1997;54,06;1,62;26518;0,00;0,03;0,04;0,02;0,15;0,03;0,02;0,10;0,03;0,12;0,00;0,10;0,06;0,00;0,22;0,63;0,04;0,05;0,03;0,10;0,16;0,05;0,28;0,08;0,06;0,02;0,02;0,05;0,23;0,03;0,04;0,00;0,28;0,10;0,02;0,02;0,00;0,13;0,03;0,02;0,97;0,01;0,02;0,07;;;;;17,76527985
01/02/1997;50,56;1,52;27234;0,02;0,02;0,11;0,01;0,14;0,04;0,01;0,21;0,05;0,15;0,01;0,05;0,16;0,04;0,21;0,57;0,04;0,08;0,05;0,07;0,15;0,06;0,23;0,14;0,08;0,03;0,03;0,04;0,14;0,02;0,12;0,02;0,36;0,05;0,02;0,07;0,00;0,08;0,05;0,06;1,05;0,01;0,00;0,09;;;;;37,16884962
01/03/1997;58,48;1,75;30558;0,01;0,05;0,12;0,02;0,15;0,03;0,01;0,19;0,05;0,20;0,03;0,07;0,13;0,18;0,29;0,59;0,05;0,10;0,02;0,07;0,26;0,16;0,16;0,07;0,08;0,01;0,08;0,04;0,11;0,01;0,11;0,02;0,36;0,08;0,02;0,01;0,01;0,07;0,03;0,06;1,15;0,00;0,00;0,09;;;;;34,24607327
01/04/1997;62,84;1,88;29656;0,05;0,05;0,07;0,04;0,16;0,03;0,04;0,27;0,03;0,23;0,03;0,10;0,12;0,01;0,33;0,71;0,06;0,02;0,02;0,06;0,25;0,17;0,32;0,17;0,05;0,01;0,05;0,06;0,22;0,02;0,04;0,02;0,30;0,11;0,03;0,05;0,02;0,07;0,04;0,02;1,30;0,01;0,01;0,11;;;;;49,18650342
01/05/1997;53,58;1,61;30617;0,01;0,02;0,12;0,02;0,08;0,03;0,01;0,20;0,02;0,17;0,02;0,03;0,12;0,03;0,35;0,56;0,08;0,08;0,05;0,08;0,12;0,08;0,12;0,09;0,06;0,01;0,04;0,02;0,07;0,01;0,11;0,05;0,36;0,05;0,03;0,02;0,01;0,15;0,03;0,06;1,10;0,01;0,01;0,13;;;;;35,82564747
01/06/1997;39,05;1,17;29288;0,00;0,02;0,03;0,01;0,07;0,02;0,00;0,18;0,02;0,12;0,02;0,03;0,04;0,01;0,18;0,49;0,08;0,02;0,04;0,04;0,11;0,09;0,08;0,05;0,03;0,02;0,06;0,00;0,01;0,01;0,04;0,03;0,20;0,06;0,02;0,02;0,00;0,08;0,03;0,01;0,75;0,00;0,01;0,04;;;;;33,09115533
01/07/1997;47,70;1,43;29427;0,01;0,06;0,06;0,02;0,13;0,01;0,01;0,18;0,08;0,12;0,01;0,06;0,17;0,01;0,26;0,68;0,04;0,04;0,06;0,05;0,18;0,05;0,15;0,06;0,03;0,04;0,03;0,05;0,03;0,01;0,05;0,02;0,23;0,05;0,00;0,05;0,00;0,06;0,05;0,02;0,91;0,01;0,02;0,03;;;;;32,8699709
01/08/1997;48,58;1,46;28823;0,01;0,02;0,03;0,03;0,10;0,03;0,03;0,14;0,03;0,10;0,01;0,11;0,03;0,02;0,20;0,53;0,01;0,01;0,03;0,05;0,44;0,04;0,10;0,12;0,05;0,03;0,04;0,08;0,01;0,01;0,03;0,03;0,23;0,05;0,03;0,04;0,00;0,05;0,01;0,00;1,05;0,01;0,00;0,07;;;;;24,80908123
01/09/1997;42,69;1,28;30459;0,01;0,02;0,05;0,02;0,09;0,02;0,01;0,15;0,04;0,08;0,01;0,08;0,05;0,04;0,23;0,47;0,02;0,02;0,03;0,07;0,27;0,04;0,09;0,09;0,07;0,05;0,03;0,14;0,01;0,02;0,04;0,00;0,24;0,05;0,02;0,03;0,00;0,05;0,03;0,01;0,86;0,01;0,01;0,05;;;;;27,52353207
01/10/1997;49,75;1,49;32840;0,04;0,09;0,04;0,05;0,17;0,03;0,04;0,29;0,08;0,09;0,00;0,11;0,04;0,02;0,37;0,64;0,02;0,02;0,03;0,08;0,14;0,05;0,12;0,07;0,05;0,09;0,05;0,02;0,03;0,02;0,03;0,02;0,39;0,05;0,02;0,02;0,02;0,09;0,05;0,01;1,07;0,02;0,01;0,07;;;;;51,48807289
01/11/1997;59,69;1,79;30272;0,07;0,17;0,04;0,03;0,16;0,06;0,04;0,42;0,02;0,13;0,01;0,30;0,05;0,02;0,66;0,79;0,01;0,01;0,04;0,11;0,31;0,03;0,09;0,07;0,07;0,03;0,04;0,04;0,01;0,01;0,03;0,02;0,77;0,19;0,10;0,03;0,01;0,11;0,03;0,03;1,49;0,00;0,01;0,02;;;;;75,14958557
01/12/1997;44,00;1,32;30462;0,01;0,02;0,07;0,03;0,11;0,03;0,00;0,15;0,03;0,15;0,00;0,08;0,05;0,03;0,30;0,52;0,02;0,02;0,02;0,09;0,20;0,06;0,09;0,11;0,08;0,03;0,02;0,05;0,00;0,01;0,03;0,01;0,35;0,09;0,05;0,01;0,00;0,07;0,01;0,01;0,95;0,01;0,01;0,06;;;;;27,40148785
01/01/1998;53,10;1,59;32589;0,03;0,10;0,06;0,03;0,13;0,03;0,01;0,24;0,02;0,13;0,01;0,07;0,09;0,00;0,48;0,78;0,01;0,01;0,05;0,08;0,26;0,09;0,06;0,08;0,07;0,05;0,02;0,03;0,00;0,01;0,02;0,02;0,46;0,09;0,03;0,05;0,02;0,09;0,01;0,01;1,11;0,01;0,01;0,03;;;;;42,95809255
01/02/1998;77,60;2,33;31107;0,02;0,10;0,04;0,03;0,13;0,08;0,01;0,31;0,04;0,23;0,01;0,18;0,06;0,00;0,66;1,32;0,03;0,02;0,06;0,15;0,50;0,10;0,11;0,06;0,05;0,03;0,05;0,03;0,02;0,02;0,05;0,05;0,77;0,40;0,05;0,02;0,01;0,21;0,03;0,02;1,84;0,02;0,02;0,04;;;;;54,02675492
01/03/1998;57,25;1,72;34244;0,02;0,04;0,06;0,04;0,10;0,03;0,00;0,17;0,05;0,24;0,01;0,06;0,07;0,02;0,34;0,71;0,01;0,03;0,04;0,13;0,21;0,20;0,08;0,08;0,05;0,03;0,05;0,03;0,01;0,01;0,04;0,01;0,42;0,08;0,03;0,03;0,00;0,12;0,01;0,04;1,25;0,00;0,02;0,06;;;;;30,43744175
01/04/1998;51,00;1,53;32231;0,01;0,03;0,04;0,02;0,13;0,02;0,02;0,18;0,04;0,17;0,01;0,04;0,06;0,01;0,26;0,71;0,01;0,04;0,02;0,07;0,16;0,16;0,07;0,07;0,04;0,01;0,04;0,02;0,02;0,01;0,04;0,01;0,38;0,04;0,02;0,02;0,00;0,08;0,02;0,02;1,07;0,01;0,01;0,03;;;;;31,17648783
01/05/1998;94,47;2,83;35714;0,04;0,13;0,10;0,05;0,29;0,06;0,02;0,80;0,03;0,36;0,05;0,06;0,06;0,03;0,61;1,55;0,06;0,02;0,23;1,13;0,38;0,15;0,45;0,20;0,05;0,10;0,05;0,08;0,01;0,03;0,04;0,01;0,73;0,04;0,07;0,06;0,01;0,08;0,05;0,02;1,96;0,01;0,01;0,10;;;;;139,8937769
01/06/1998;76,31;2,29;35346;0,06;0,06;0,12;0,08;0,14;0,06;0,01;0,53;0,05;0,29;0,03;0,07;0,09;0,01;0,47;1,08;0,04;0,02;0,05;0,63;0,15;0,18;0,22;0,14;0,10;0,03;0,08;0,03;0,02;0,03;0,02;0,08;0,69;0,06;0,03;0,02;0,00;0,10;0,05;0,03;1,58;0,02;0,02;0,09;;;;;92,68720187
01/07/1998;54,05;1,62;33372;0,03;0,05;0,03;0,02;0,10;0,03;0,01;0,33;0,03;0,16;0,01;0,04;0,06;0,02;0,25;0,67;0,03;0,01;0,11;0,31;0,15;0,07;0,12;0,14;0,06;0,02;0,02;0,03;0,01;0,05;0,01;0,04;0,37;0,07;0,00;0,04;0,00;0,09;0,06;0,02;1,15;0,00;0,02;0,07;;;;;57,51673628
01/08/1998;97,02;2,91;32199;0,05;0,08;0,07;0,07;0,14;0,04;0,02;0,26;0,10;0,27;0,01;0,28;0,08;0,01;0,49;1,16;0,05;0,01;0,06;0,26;0,30;0,11;0,19;0,15;0,08;0,07;0,02;0,02;0,04;0,07;0,03;0,04;0,62;0,50;0,02;0,06;0,02;0,13;0,02;0,01;2,23;0,05;0,02;0,23;;;;;46,4259613
01/09/1998;62,51;1,88;34293;0,01;0,03;0,05;0,02;0,10;0,05;0,01;0,18;0,02;0,16;0,01;0,08;0,04;0,02;0,25;0,69;0,01;0,01;0,05;0,23;0,17;0,05;0,20;0,20;0,05;0,03;0,02;0,04;0,01;0,01;0,02;0,06;0,49;0,16;0,03;0,02;0,00;0,05;0,01;0,01;1,42;0,01;0,01;0,12;;;;;32,25552718
01/10/1998;54,40;1,63;35299;0,06;0,03;0,17;0,03;0,11;0,04;0,04;0,15;0,03;0,27;0,02;0,10;0,07;0,01;0,27;0,68;0,02;0,03;0,03;0,12;0,29;0,17;0,09;0,07;0,06;0,03;0,04;0,06;0,01;0,01;0,03;0,03;0,40;0,05;0,02;0,01;0,00;0,08;0,02;0,01;1,23;0,01;0,01;0,08;;;;;26,80361177
01/11/1998;67,97;2,04;33455;0,03;0,05;0,06;0,05;0,13;0,05;0,04;0,27;0,04;0,20;0,02;0,10;0,09;0,00;0,44;1,03;0,01;0,01;0,06;0,16;0,29;0,09;0,16;0,17;0,07;0,08;0,02;0,04;0,01;0,02;0,01;0,02;0,51;0,16;0,04;0,02;0,01;0,12;0,01;0,01;1,62;0,01;0,01;0,07;;;;;47,55095579
01/12/1998;75,96;2,28;31646;0,04;0,10;0,09;0,04;0,11;0,02;0,03;0,33;0,03;0,23;0,01;0,17;0,07;0,00;0,52;1,28;0,03;0,01;0,05;0,22;0,35;0,10;0,14;0,11;0,03;0,04;0,04;0,07;0,01;0,03;0,03;0,04;0,60;0,24;0,04;0,03;0,01;0,11;0,03;0,02;1,78;0,02;0,02;0,09;;;;;57,90853091
01/01/1999;63,99;1,92;32930;0,02;0,08;0,15;0,07;0,15;0,04;0,02;0,23;0,06;0,19;0,00;0,13;0,05;0,02;0,51;0,99;0,00;0,02;0,03;0,09;0,11;0,15;0,09;0,14;0,06;0,02;0,05;0,04;0,01;0,03;0,03;0,01;0,58;0,16;0,01;0,01;0,00;0,08;0,02;0,02;1,32;0,01;0,00;0,08;;;;;40,75697754
01/02/1999;58,32;1,75;29386;0,02;0,03;0,09;0,03;0,15;0,03;0,01;0,23;0,04;0,29;0,01;0,06;0,06;0,01;0,48;0,85;0,03;0,02;0,04;0,15;0,13;0,16;0,16;0,14;0,05;0,01;0,05;0,04;0,01;0,02;0,02;0,03;0,47;0,10;0,03;0,01;0,00;0,20;0,07;0,02;1,25;0,00;0,02;0,04;;;;;39,66742668
01/03/1999;83,40;2,50;33821;0,05;0,06;0,23;0,04;0,20;0,05;0,02;0,43;0,04;0,38;0,01;0,04;0,07;0,05;0,60;1,09;0,02;0,07;0,04;0,13;0,14;0,28;0,18;0,20;0,14;0,02;0,06;0,03;0,00;0,02;0,06;0,03;0,78;0,04;0,02;0,02;0,01;0,23;0,17;0,03;1,93;0,03;0,04;0,05;;;;;74,44930452
01/04/1999;106,20;3,19;32242;0,01;0,06;0,50;0,03;0,25;0,06;0,01;0,42;0,07;0,61;0,02;0,04;0,09;0,02;0,60;1,41;0,02;0,22;0,07;0,15;0,10;0,48;0,13;0,20;0,07;0,02;0,09;0,17;0,00;0,01;0,10;0,06;1,05;0,05;0,06;0,01;0,01;0,23;0,12;0,07;2,36;0,02;0,15;0,04;;;;;72,65107722
01/05/1999;85,44;2,56;33090;0,02;0,04;0,36;0,00;0,14;0,05;0,01;0,74;0,02;0,53;0,02;0,04;0,07;0,10;0,38;0,99;0,07;0,10;0,02;0,18;0,13;0,32;0,15;0,17;0,09;0,01;0,07;0,07;0,01;0,02;0,04;0,02;0,77;0,04;0,03;0,01;0,00;0,11;0,11;0,03;1,85;0,00;0,05;0,04;;;;;128,8825461
01/06/1999;79,41;2,38;32664;0,02;0,04;0,17;0,02;0,20;0,06;0,01;0,53;0,05;0,51;0,01;0,04;0,05;0,16;0,51;1,04;0,02;0,06;0,06;0,31;0,13;0,23;0,15;0,16;0,06;0,02;0,07;0,01;0,02;0,03;0,03;0,02;0,70;0,05;0,04;0,02;0,00;0,09;0,04;0,03;1,63;0,01;0,02;0,06;;;;;91,37175443
01/07/1999;62,14;1,86;31654;0,03;0,03;0,08;0,03;0,11;0,04;0,01;0,33;0,13;0,15;0,01;0,07;0,05;0,02;0,21;0,73;0,04;0,03;0,06;0,28;0,21;0,09;0,15;0,15;0,05;0,02;0,03;0,05;0,03;0,03;0,02;0,03;0,30;0,05;0,01;0,01;0,00;0,09;0,15;0,03;1,24;0,02;0,01;0,05;;;;;56,44722194
01/08/1999;62,86;1,89;30551;0,03;0,06;0,06;0,03;0,13;0,03;0,03;0,34;0,08;0,15;0,01;0,06;0,05;0,02;0,28;0,68;0,06;0,02;0,09;0,23;0,17;0,09;0,19;0,18;0,08;0,01;0,07;0,03;0,02;0,03;0,02;0,04;0,56;0,08;0,01;0,03;0,01;0,13;0,15;0,02;1,27;0,05;0,02;0,07;;;;;58,40416089
01/09/1999;69,58;2,09;31672;0,03;0,38;0,03;0,03;0,19;0,02;0,01;0,32;0,08;0,21;0,01;0,08;0,06;0,03;0,31;0,79;0,04;0,01;0,48;0,13;0,19;0,10;0,19;0,21;0,07;0,08;0,10;0,03;0,02;0,08;0,03;0,23;0,67;0,07;0,04;0,09;0,00;0,09;0,08;0,04;1,40;0,03;0,03;0,05;;;;;55,16976196
01/10/1999;72,35;2,17;34744;0,01;0,12;0,07;0,02;0,20;0,03;0,02;0,38;0,03;0,27;0,01;0,04;0,06;0,05;0,35;0,69;0,03;0,04;0,17;0,38;0,17;0,09;0,20;0,24;0,07;0,05;0,03;0,02;0,02;0,01;0,05;0,05;0,84;0,07;0,03;0,04;0,01;0,06;0,05;0,03;1,48;0,00;0,01;0,12;;;;;65,63352652
01/11/1999;57,96;1,74;33476;0,02;0,05;0,04;0,02;0,15;0,01;0,03;0,31;0,04;0,19;0,01;0,08;0,07;0,07;0,29;0,72;0,03;0,03;0,07;0,15;0,13;0,05;0,09;0,12;0,07;0,02;0,05;0,06;0,01;0,03;0,04;0,02;0,65;0,07;0,02;0,02;0,01;0,24;0,09;0,05;1,19;0,01;0,01;0,09;;;;;53,61073361
01/12/1999;86,08;2,58;31487;0,02;0,08;0,09;0,03;0,39;0,08;0,02;0,41;0,08;0,27;0,00;0,10;0,08;0,07;0,51;0,96;0,04;0,02;0,06;0,23;0,31;0,16;0,14;0,12;0,09;0,05;0,05;0,04;0,01;0,03;0,02;0,04;0,97;0,20;0,02;0,01;0,00;0,10;0,08;0,03;1,83;0,03;0,03;0,07;;;;;71,14012906
01/01/2000;64,46;1,93;33362;0,01;0,04;0,05;0,03;0,22;0,05;0,01;0,27;0,06;0,11;0,01;0,07;0,06;0,04;0,31;0,69;0,01;0,03;0,10;0,25;0,16;0,05;0,08;0,08;0,05;0,02;0,03;0,03;0,02;0,01;0,03;0,03;0,73;0,06;0,05;0,05;0,00;0,05;0,05;0,03;1,20;0,03;0,01;0,07;;;;;45,92350992
01/02/2000;63,54;1,91;32951;0,02;0,03;0,07;0,02;0,18;0,05;0,01;0,21;0,05;0,17;0,02;0,06;0,05;0,02;0,34;0,73;0,03;0,02;0,06;0,15;0,30;0,09;0,07;0,09;0,06;0,01;0,04;0,03;0,00;0,02;0,01;0,04;0,53;0,05;0,05;0,02;0,00;0,05;0,10;0,01;1,23;0,02;0,01;0,06;;;;;35,9845292
01/03/2000;50,10;1,50;36533;0,01;0,03;0,08;0,02;0,13;0,02;0,01;0,28;0,05;0,15;0,01;0,03;0,04;0,01;0,25;0,54;0,02;0,01;0,03;0,21;0,15;0,05;0,14;0,08;0,04;0,02;0,02;0,02;0,01;0,02;0,02;0,04;0,35;0,06;0,03;0,01;0,01;0,03;0,15;0,02;1,01;0,02;0,02;0,10;;;;;47,40964572
01/04/2000;48,68;1,46;33352;0,01;0,03;0,05;0,03;0,16;0,02;0,01;0,21;0,06;0,13;0,00;0,05;0,04;0,04;0,22;0,53;0,01;0,02;0,04;0,12;0,14;0,05;0,09;0,19;0,04;0,06;0,04;0,01;0,04;0,10;0,03;0,03;0,44;0,03;0,03;0,01;0,00;0,02;0,08;0,03;1,03;0,01;0,02;0,09;;;;;35,41702918
01/05/2000;79,48;2,38;35193;0,02;0,07;0,05;0,02;0,18;0,01;0,01;0,31;0,05;0,22;0,00;0,04;0,05;0,11;0,38;0,99;0,03;0,00;0,05;0,41;0,28;0,09;0,11;0,14;0,13;0,13;0,05;0,07;0,06;0,20;0,01;0,04;0,47;0,04;0,03;0,01;0,01;0,03;0,07;0,02;1,39;0,01;0,02;0,19;;;;;52,42443621
01/06/2000;64,72;1,94;34928;0,03;0,11;0,07;0,04;0,14;0,04;0,02;0,33;0,06;0,16;0,00;0,02;0,06;0,03;0,22;0,67;0,02;0,01;0,03;0,23;0,16;0,08;0,15;0,34;0,17;0,03;0,05;0,02;0,05;0,02;0,02;0,03;0,52;0,03;0,02;0,01;0,00;0,02;0,05;0,02;1,27;0,02;0,02;0,05;;;;;57,13461181
01/07/2000;51,90;1,56;33723;0,01;0,09;0,08;0,02;0,15;0,03;0,01;0,34;0,04;0,15;0,02;0,05;0,07;0,02;0,22;0,60;0,01;0,00;0,05;0,25;0,22;0,06;0,18;0,24;0,04;0,05;0,02;0,04;0,01;0,04;0,01;0,01;0,41;0,03;0,01;0,04;0,01;0,03;0,09;0,01;0,96;0,01;0,01;0,08;;;;;57,07230842
01/08/2000;46,49;1,39;33776;0,03;0,05;0,05;0,03;0,11;0,03;0,02;0,19;0,09;0,13;0,01;0,03;0,04;0,03;0,23;0,60;0,02;0,01;0,05;0,21;0,12;0,04;0,09;0,11;0,07;0,05;0,02;0,06;0,02;0,09;0,01;0,01;0,34;0,05;0,02;0,01;0,00;0,03;0,03;0,01;0,82;0,05;0,01;0,09;;;;;31,7240507
01/09/2000;52,69;1,58;35751;0,03;0,02;0,04;0,04;0,10;0,01;0,03;0,28;0,07;0,15;0,03;0,01;0,06;0,05;0,36;0,58;0,03;0,01;0,07;0,14;0,11;0,04;0,09;0,13;0,09;0,13;0,03;0,02;0,09;0,15;0,01;0,01;0,36;0,08;0,03;0,03;0,00;0,04;0,06;0,01;1,10;0,03;0,01;0,06;;;;;47,46616337
01/10/2000;76,46;2,29;36368;0,02;0,03;0,04;0,02;0,14;0,04;0,02;0,18;0,08;0,17;0,01;0,47;0,07;0,02;0,36;0,79;0,01;0,05;0,04;0,12;0,88;0,07;0,09;0,15;0,04;0,02;0,02;0,16;0,04;0,02;0,03;0,01;0,45;0,29;0,02;0,01;0,02;0,12;0,04;0,02;1,71;0,04;0,02;0,04;;;;;30,7423433
01/11/2000;45,06;1,35;35959;0,01;0,03;0,04;0,02;0,08;0,03;0,01;0,16;0,04;0,10;0,01;0,15;0,06;0,02;0,24;0,51;0,01;0,01;0,04;0,11;0,41;0,05;0,11;0,10;0,03;0,05;0,04;0,08;0,05;0,03;0,01;0,01;0,29;0,11;0,03;0,02;0,02;0,08;0,02;0,01;0,95;0,03;0,03;0,03;;;;;27,26013744
01/12/2000;45,40;1,36;32389;0,02;0,02;0,06;0,02;0,11;0,04;0,02;0,18;0,06;0,10;0,02;0,09;0,06;0,01;0,17;0,44;0,00;0,01;0,04;0,16;0,31;0,06;0,06;0,11;0,09;0,04;0,02;0,07;0,02;0,01;0,01;0,02;0,32;0,11;0,03;0,01;0,01;0,08;0,03;0,03;0,98;0,04;0,02;0,06;;;;;29,67059133
01/01/2001;46,90;1,41;34549;0,01;0,02;0,05;0,03;0,09;0,03;0,02;0,26;0,08;0,09;0,00;0,10;0,05;0,00;0,26;0,56;0,01;0,01;0,03;0,15;0,27;0,05;0,08;0,12;0,04;0,01;0,03;0,02;0,03;0,01;0,03;0,01;0,39;0,07;0,05;0,03;0,01;0,06;0,08;0,03;1,02;0,04;0,02;0,04;;;;;43,32875392
01/02/2001;55,09;1,65;31653;0,02;0,01;0,08;0,04;0,14;0,06;0,02;0,31;0,06;0,15;0,02;0,19;0,06;0,01;0,36;0,89;0,01;0,01;0,05;0,17;0,36;0,04;0,10;0,12;0,10;0,02;0,04;0,04;0,02;0,02;0,02;0,02;0,44;0,15;0,04;0,02;0,01;0,14;0,03;0,03;1,17;0,01;0,01;0,03;;;;;52,50628522
01/03/2001;61,71;1,85;36523;0,02;0,04;0,09;0,01;0,11;0,02;0,02;0,26;0,05;0,17;0,01;0,06;0,04;0,02;0,28;0,71;0,02;0,00;0,04;0,10;0,32;0,05;0,15;0,21;0,06;0,02;0,05;0,05;0,01;0,02;0,01;0,01;0,35;0,07;0,09;0,02;0,01;0,11;0,13;0,05;1,19;0,02;0,01;0,03;;;;;43,13738282
01/04/2001;50,57;1,52;33163;0,02;0,02;0,05;0,03;0,12;0,02;0,02;0,40;0,06;0,12;0,01;0,12;0,04;0,00;0,21;0,40;0,02;0,01;0,03;0,09;0,30;0,04;0,12;0,10;0,05;0,01;0,07;0,07;0,03;0,04;0,01;0,00;0,28;0,05;0,01;0,01;0,00;0,02;0,25;0,02;1,14;0,02;0,02;0,02;;;;;67,08895754
01/05/2001;60,38;1,81;35120;0,00;0,04;0,07;0,02;0,15;0,03;0,01;0,33;0,07;0,19;0,02;0,10;0,05;0,02;0,29;0,68;0,01;0,06;0,03;0,12;0,30;0,06;0,12;0,20;0,03;0,02;0,04;0,03;0,03;0,04;0,02;0,01;0,51;0,05;0,06;0,01;0,00;0,11;0,07;0,02;1,28;0,01;0,01;0,03;;;;;55,6668955
01/06/2001;72,06;2,16;33588;0,02;0,04;0,20;0,03;0,11;0,01;0,01;0,29;0,02;0,23;0,03;0,08;0,15;0,01;0,38;0,82;0,01;0,08;0,03;0,12;0,43;0,09;0,11;0,19;0,05;0,09;0,05;0,06;0,04;0,16;0,10;0,01;0,45;0,16;0,13;0,01;0,01;0,09;0,04;0,04;1,51;0,01;0,01;0,04;;;;;47,68632838
01/07/2001;61,07;1,83;31881;0,03;0,08;0,09;0,02;0,15;0,02;0,01;0,31;0,05;0,24;0,02;0,04;0,05;0,01;0,29;0,70;0,02;0,03;0,04;0,17;0,30;0,24;0,18;0,13;0,06;0,01;0,05;0,02;0,02;0,03;0,03;0,01;0,51;0,06;0,03;0,01;0,01;0,06;0,05;0,02;1,32;0,00;0,02;0,05;;;;;51,71660222
01/08/2001;64,11;1,92;32088;0,01;0,05;0,07;0,02;0,12;0,03;0,01;0,22;0,10;0,17;0,02;0,09;0,07;0,04;0,24;0,73;0,01;0,03;0,05;0,12;0,53;0,12;0,06;0,11;0,07;0,01;0,06;0,11;0,01;0,03;0,02;0,02;0,33;0,06;0,01;0,01;0,01;0,06;0,03;0,04;1,35;0,02;0,02;0,07;;;;;36,2710121
01/09/2001;498,65;14,96;33230;0,13;0,34;0,65;0,21;1,72;0,51;0,05;0,77;0,21;1,55;0,05;0,70;0,40;0,08;1,75;5,99;0,26;0,03;0,21;0,94;1,34;0,52;1,24;0,45;0,46;0,14;0,39;0,11;0,10;0,17;0,10;0,04;1,70;1,44;0,15;0,12;0,04;0,35;0,16;0,03;13,23;0,06;0,12;0,13;;;;;127,8077682
01/10/2001;512,53;15,37;36259;0,11;0,40;0,46;0,12;1,55;0,51;0,04;0,66;0,11;1,21;0,05;0,62;0,34;0,08;1,43;5,90;0,18;0,04;0,27;0,95;1,44;0,62;0,91;0,27;0,35;0,25;0,36;0,15;0,04;0,18;0,07;0,04;1,82;1,07;0,12;0,09;0,07;0,33;0,17;0,12;13,10;0,07;0,10;0,13;;;;;109,4584343
01/11/2001;306,79;9,20;34385;0,08;0,18;0,26;0,12;0,81;0,22;0,06;0,36;0,06;0,85;0,05;0,29;0,27;0,07;0,97;2,81;0,07;0,04;0,18;0,57;0,68;0,32;0,52;0,23;0,23;0,08;0,20;0,13;0,06;0,19;0,10;0,04;1,38;0,55;0,10;0,04;0,03;0,34;0,08;0,02;7,89;0,04;0,03;0,13;;;;;59,90498903
01/12/2001;236,10;7,08;31335;0,11;0,14;0,24;0,08;0,46;0,11;0,03;0,39;0,06;0,52;0,03;0,29;0,15;0,04;0,69;2,15;0,06;0,04;0,10;0,74;1,06;0,25;0,38;0,23;0,18;0,05;0,11;0,13;0,04;0,09;0,05;0,02;0,90;0,38;0,05;0,06;0,04;0,19;0,08;0,03;6,05;0,03;0,03;0,08;;;;;64,58505554
01/01/2002;172,48;5,17;32842;0,10;0,11;0,12;0,06;0,37;0,16;0,02;0,34;0,17;0,37;0,04;0,17;0,14;0,03;0,59;1,64;0,05;0,02;0,09;0,81;0,60;0,15;0,35;0,18;0,14;0,08;0,15;0,06;0,04;0,13;0,02;0,01;0,46;0,24;0,05;0,05;0,03;0,13;0,05;0,02;4,23;0,03;0,04;0,06;;;;;56,50032958
01/02/2002;146,19;4,38;31861;0,13;0,09;0,11;0,08;0,32;0,09;0,02;0,37;0,17;0,36;0,03;0,14;0,15;0,03;0,45;1,46;0,06;0,01;0,08;0,32;0,61;0,13;0,30;0,53;0,12;0,05;0,09;0,06;0,03;0,17;0,03;0,05;0,52;0,29;0,07;0,05;0,03;0,14;0,07;0,01;3,62;0,07;0,03;0,10;;;;;61,78533741
01/03/2002;151,98;4,56;34530;0,06;0,16;0,10;0,06;0,40;0,09;0,01;0,28;0,17;0,37;0,05;0,28;0,14;0,01;0,49;1,49;0,03;0,01;0,07;0,22;1,09;0,19;0,17;0,32;0,21;0,02;0,07;0,15;0,08;0,14;0,03;0,01;0,60;0,54;0,05;0,02;0,01;0,15;0,06;0,02;3,86;0,03;0,05;0,10;;;;;46,88579994
01/04/2002;157,50;4,72;32600;0,06;0,08;0,13;0,04;0,38;0,11;0,02;0,17;0,14;0,38;0,05;0,40;0,25;0,04;0,53;1,60;0,03;0,01;0,07;0,19;1,84;0,23;0,19;0,17;0,12;0,05;0,12;0,24;0,02;0,09;0,03;0,04;0,54;0,57;0,06;0,03;0,07;0,13;0,03;0,02;3,84;0,15;0,04;0,06;;;;;27,81888479
01/05/2002;163,32;4,90;33601;0,04;0,13;0,11;0,03;0,38;0,08;0,01;0,28;0,15;0,43;0,03;0,18;0,21;0,02;0,59;1,72;0,04;0,03;0,06;0,71;0,92;0,31;0,29;0,23;0,08;0,04;0,13;0,09;0,03;0,08;0,04;0,03;0,84;0,25;0,04;0,04;0,03;0,09;0,05;0,01;4,09;0,05;0,03;0,05;;;;;45,52093818
01/06/2002;149,33;4,48;32418;0,03;0,11;0,12;0,03;0,52;0,08;0,01;0,23;0,05;0,39;0,05;0,25;0,14;0,02;0,57;1,50;0,03;0,02;0,03;0,90;0,86;0,18;0,35;0,15;0,08;0,07;0,12;0,11;0,02;0,08;0,02;0,02;0,72;0,27;0,04;0,01;0,05;0,08;0,03;0,01;3,67;0,04;0,00;0,10;;;;;36,96348723
01/07/2002;122,78;3,68;31581;0,03;0,06;0,09;0,03;0,33;0,07;0,01;0,18;0,05;0,28;0,03;0,16;0,16;0,01;0,49;1,21;0,04;0,02;0,04;0,33;0,60;0,11;0,22;0,19;0,12;0,06;0,06;0,04;0,00;0,09;0,03;0,02;0,38;0,17;0,08;0,07;0,01;0,14;0,05;0,02;2,95;0,01;0,01;0,06;;;;;29,04145044
01/08/2002;127,06;3,81;30988;0,04;0,07;0,05;0,06;0,24;0,06;0,02;0,26;0,08;0,32;0,03;0,18;0,11;0,01;0,37;1,31;0,01;0,01;0,04;0,27;0,65;0,08;0,22;0,24;0,11;0,04;0,05;0,04;0,01;0,07;0,02;0,02;0,55;0,38;0,05;0,03;0,02;0,18;0,05;0,02;3,13;0,04;0,04;0,10;;;;;42,17406961
01/09/2002;174,90;5,25;32558;0,06;0,10;0,09;0,07;0,48;0,10;0,02;0,51;0,09;0,59;0,08;0,27;0,11;0,02;1,03;2,34;0,05;0,02;0,09;0,25;0,80;0,16;0,39;0,22;0,14;0,06;0,10;0,08;0,01;0,06;0,09;0,01;1,04;0,52;0,04;0,06;0,02;0,23;0,06;0,07;4,39;0,04;0,05;0,18;;;;;83,11774125
01/10/2002;172,03;5,16;35679;0,05;0,27;0,15;0,10;0,39;0,09;0,02;0,59;0,07;0,41;0,10;0,16;0,11;0,03;1,11;1,96;0,07;0,03;0,51;0,28;0,51;0,12;0,55;0,57;0,30;0,24;0,10;0,05;0,01;0,23;0,06;0,03;1,21;0,27;0,08;0,10;0,04;0,19;0,07;0,03;4,16;0,06;0,05;0,08;;;;;96,80571697
01/11/2002;159,13;4,77;33942;0,04;0,24;0,14;0,02;0,41;0,10;0,04;0,36;0,05;0,44;0,09;0,24;0,09;0,02;0,85;1,90;0,04;0,04;0,22;0,19;0,60;0,13;0,32;0,37;0,17;0,10;0,09;0,05;0,03;0,07;0,09;0,01;0,95;0,34;0,08;0,07;0,07;0,22;0,04;0,06;3,70;0,04;0,04;0,05;;;;;59,03302536
01/12/2002;175,81;5,27;31233;0,05;0,21;0,13;0,08;0,45;0,10;0,04;0,48;0,09;0,48;0,12;0,19;0,17;0,03;0,78;2,06;0,05;0,04;0,18;0,30;0,69;0,08;0,63;0,84;0,11;0,06;0,11;0,07;0,02;0,12;0,04;0,04;0,90;0,34;0,06;0,06;0,04;0,31;0,04;0,03;4,33;0,33;0,02;0,08;;;;;78,63968093
01/01/2003;206,43;6,19;33593;0,04;0,18;0,16;0,10;0,50;0,25;0,04;0,82;0,06;0,83;0,06;0,28;0,28;0,04;1,29;2,75;0,08;0,08;0,09;0,29;0,65;0,23;0,76;1,24;0,28;0,07;0,14;0,07;0,02;0,05;0,08;0,07;1,16;0,42;0,09;0,04;0,02;0,43;0,05;0,04;4,97;0,27;0,04;0,10;;;;;133,052412
01/02/2003;239,61;7,19;31335;0,06;0,29;0,36;0,08;0,53;0,14;0,14;0,94;0,14;1,29;0,05;0,26;0,54;0,05;1,73;3,60;0,07;0,04;0,17;0,25;0,72;0,34;0,75;1,03;0,27;0,09;0,22;0,05;0,01;0,11;0,05;0,06;1,33;0,37;0,08;0,07;0,01;0,63;0,08;0,03;5,82;0,28;0,06;0,11;;;;;153,7194838
01/03/2003;358,71;10,76;36081;0,08;0,40;0,27;0,04;0,84;0,22;0,29;0,81;0,11;1,59;0,04;0,47;0,80;0,06;2,36;5,56;0,12;0,04;0,17;0,33;1,11;0,38;0,81;0,87;0,44;0,10;0,21;0,07;0,02;0,21;0,08;0,12;1,70;0,75;0,06;0,10;0,06;1,20;0,06;0,03;9,00;0,19;0,16;0,09;;;;;131,5052427
01/04/2003;255,78;7,67;34308;0,07;0,24;0,25;0,08;0,55;0,12;0,04;0,89;0,04;0,98;0,03;0,36;0,26;0,03;1,35;3,62;0,31;0,03;0,10;0,21;0,82;0,28;0,66;0,81;0,19;0,06;0,16;0,05;0,04;0,10;0,08;0,03;1,16;0,42;0,05;0,09;0,04;0,64;0,07;0,04;6,59;0,09;0,10;0,08;;;;;145,1242994
01/05/2003;162,12;4,86;35022;0,02;0,21;0,13;0,05;0,50;0,10;0,02;0,47;0,08;0,51;0,05;0,25;0,25;0,02;0,84;2,01;0,08;0,02;0,15;0,29;0,78;0,13;0,31;0,45;0,14;0,06;0,08;0,07;0,02;0,11;0,11;0,01;0,93;0,68;0,03;0,03;0,03;0,17;0,07;0,02;4,00;0,02;0,03;0,08;;;;;76,10470245
01/06/2003;145,77;4,37;33187;0,03;0,14;0,10;0,05;0,30;0,06;0,02;0,45;0,05;0,41;0,04;0,25;0,15;0,02;0,75;1,71;0,05;0,01;0,13;0,24;0,71;0,18;0,39;0,56;0,09;0,10;0,11;0,07;0,02;0,05;0,10;0,04;0,60;0,26;0,03;0,11;0,05;0,15;0,04;0,04;3,55;0,04;0,04;0,05;;;;;73,8415883
01/07/2003;134,90;4,05;32599;0,04;0,08;0,08;0,06;0,21;0,05;0,02;0,39;0,05;0,23;0,02;0,09;0,10;0,01;0,44;1,46;0,06;0,02;0,08;0,28;0,45;0,16;0,38;0,47;0,07;0,07;0,05;0,06;0,03;0,06;0,03;0,02;0,35;0,27;0,02;0,05;0,01;0,13;0,02;0,02;3,41;0,03;0,02;0,13;;;;;63,08393544
01/08/2003;138,23;4,15;32175;0,02;0,16;0,05;0,06;0,31;0,11;0,00;0,40;0,06;0,33;0,03;0,10;0,12;0,02;0,55;1,47;0,03;0,03;0,19;0,28;0,64;0,14;0,41;0,47;0,11;0,06;0,13;0,05;0,01;0,11;0,06;0,04;0,65;0,26;0,01;0,06;0,01;0,16;0,04;0,03;3,36;0,03;0,02;0,07;;;;;65,85291214
01/09/2003;118,20;3,55;33990;0,05;0,14;0,11;0,04;0,19;0,05;0,03;0,30;0,07;0,46;0,03;0,08;0,14;0,02;0,63;1,37;0,06;0,02;0,10;0,31;0,46;0,12;0,26;0,37;0,13;0,03;0,06;0,06;0,01;0,05;0,08;0,03;0,51;0,16;0,04;0,06;0,02;0,18;0,02;0,01;2,82;0,04;0,04;0,04;;;;;48,36833796
01/10/2003;108,32;3,25;37090;0,03;0,12;0,08;0,04;0,20;0,04;0,04;0,35;0,04;0,40;0,02;0,14;0,20;0,04;0,49;1,10;0,04;0,01;0,14;0,21;0,47;0,08;0,32;0,42;0,14;0,06;0,06;0,04;0,02;0,08;0,05;0,02;0,56;0,19;0,03;0,19;0,01;0,18;0,04;0,05;2,64;0,03;0,03;0,03;;;;;57,37951194
01/11/2003;118,09;3,54;33231;0,02;0,17;0,12;0,04;0,25;0,06;0,02;0,29;0,05;0,45;0,02;0,18;0,15;0,03;0,47;1,49;0,04;0,01;0,10;0,19;0,41;0,27;0,33;0,29;0,10;0,02;0,06;0,03;0,02;0,04;0,06;0,04;0,39;0,30;0,02;0,05;0,03;0,51;0,06;0,02;2,87;0,02;0,06;0,03;;;;;46,36810721
01/12/2003;129,47;3,88;31392;0,02;0,10;0,11;0,05;0,32;0,06;0,02;0,47;0,07;0,38;0,00;0,16;0,15;0,00;0,61;1,31;0,04;0,00;0,06;0,25;0,46;0,18;0,43;0,52;0,14;0,02;0,05;0,03;0,03;0,05;0,08;0,01;0,49;0,25;0,05;0,05;0,04;0,25;0,16;0,02;3,16;0,01;0,03;0,05;;;;;75,28092296
01/01/2004;113,47;3,40;33526;0,03;0,07;0,07;0,10;0,28;0,11;0,03;0,36;0,04;0,27;0,03;0,16;0,10;0,01;0,52;1,29;0,04;0,00;0,06;0,32;0,43;0,16;0,28;0,40;0,33;0,04;0,09;0,03;0,02;0,03;0,03;0,04;0,33;0,18;0,05;0,04;0,02;0,13;0,05;0,01;2,69;0,02;0,02;0,05;;;;;58,84614654
01/02/2004;115,08;3,45;32449;0,02;0,08;0,09;0,05;0,22;0,07;0,02;0,39;0,03;0,30;0,03;0,07;0,08;0,02;0,52;1,18;0,02;0,01;0,08;0,25;0,31;0,11;0,34;0,55;0,07;0,08;0,12;0,03;0,01;0,03;0,06;0,02;0,50;0,14;0,02;0,04;0,02;0,15;0,04;0,04;2,82;0,02;0,02;0,04;;;;;62,69346885
01/03/2004;138,53;4,16;34969;0,03;0,14;0,20;0,05;0,29;0,17;0,04;0,32;0,02;0,59;0,03;0,15;1,15;0,04;0,78;1,76;0,05;0,01;0,08;0,26;0,49;0,22;0,29;0,30;0,12;0,08;0,18;0,04;0,02;0,07;0,14;0,03;0,42;0,18;0,03;0,06;0,03;0,23;0,13;0,03;3,17;0,08;0,02;0,07;;;;;52,09825828
01/04/2004;149,63;4,49;33556;0,01;0,18;0,12;0,07;0,35;0,09;0,01;0,45;0,03;0,41;0,04;0,15;0,66;0,01;0,63;1,67;0,06;0,02;0,12;0,19;0,49;0,29;0,51;0,34;0,10;0,08;0,09;0,02;0,02;0,08;0,15;0,03;0,42;0,33;0,04;0,08;0,06;0,26;0,09;0,10;3,55;0,02;0,07;0,05;;;;;71,93552986
01/05/2004;121,09;3,63;34086;0,02;0,06;0,09;0,06;0,22;0,08;0,01;0,42;0,06;0,30;0,02;0,21;0,28;0,03;0,38;1,23;0,04;0,01;0,07;0,19;0,38;0,16;0,24;0,21;0,10;0,04;0,11;0,02;0,04;0,02;0,07;0,02;0,32;0,29;0,03;0,04;0,03;0,11;0,06;0,01;2,88;0,05;0,04;0,07;;;;;66,96697454
01/06/2004;137,23;4,12;33502;0,01;0,08;0,14;0,05;0,31;0,06;0,02;0,45;0,03;0,53;0,02;0,17;0,19;0,01;0,61;1,37;0,03;0,01;0,14;0,24;0,26;0,21;0,33;0,42;0,10;0,05;0,11;0,07;0,02;0,04;0,06;0,03;0,58;0,56;0,03;0,04;0,01;0,31;0,03;0,01;3,36;0,06;0,03;0,05;;;;;71,88013566
01/07/2004;131,02;3,93;33157;0,01;0,11;0,10;0,04;0,23;0,03;0,01;0,31;0,03;0,22;0,01;0,27;0,17;0,01;0,42;1,26;0,03;0,02;0,12;0,29;0,39;0,14;0,20;0,32;0,13;0,06;0,08;0,02;0,02;0,26;0,05;0,02;0,37;0,33;0,01;0,04;0,02;0,16;0,04;0,02;3,18;0,02;0,05;0,05;;;;;49,3326729
01/08/2004;140,37;4,21;32897;0,02;0,08;0,03;0,06;0,19;0,08;0,03;0,26;0,05;0,29;0,02;0,18;0,16;0,03;0,48;1,41;0,03;0,01;0,05;0,15;0,30;0,14;0,20;0,21;0,13;0,04;0,11;0,03;0,01;0,05;0,03;0,00;0,54;0,19;0,03;0,04;0,01;0,19;0,02;0,04;3,45;0,10;0,04;0,11;;;;;42,3259992
01/09/2004;153,87;4,62;33433;0,04;0,15;0,09;0,07;0,19;0,03;0,01;0,42;0,02;0,39;0,02;0,21;0,18;0,03;0,81;1,57;0,01;0,01;0,10;0,24;0,51;0,23;0,26;0,42;0,13;0,02;0,12;0,03;0,01;0,05;0,04;0,01;0,99;0,26;0,02;0,03;0,02;0,22;0,03;0,03;3,51;0,02;0,05;0,05;;;;;67,82165028
01/10/2004;119,86;3,60;34936;0,01;0,15;0,08;0,07;0,19;0,03;0,00;0,33;0,02;0,31;0,02;0,16;0,16;0,01;0,49;1,14;0,02;0,02;0,11;0,12;0,34;0,16;0,24;0,26;0,10;0,03;0,10;0,03;0,02;0,02;0,08;0,01;0,49;0,14;0,03;0,05;0,03;0,17;0,05;0,03;2,94;0,01;0,03;0,04;;;;;52,95243724
01/11/2004;122,71;3,68;33311;0,02;0,09;0,14;0,07;0,22;0,05;0,11;0,36;0,05;0,56;0,02;0,21;0,16;0,02;0,95;1,50;0,03;0,03;0,05;0,19;0,42;0,11;0,19;0,26;0,11;0,02;0,09;0,07;0,02;0,07;0,10;0,02;0,50;0,14;0,03;0,05;0,03;0,16;0,05;0,12;2,97;0,04;0,04;0,12;;;;;57,82099522
01/12/2004;109,90;3,30;31491;0,03;0,10;0,13;0,07;0,29;0,06;0,03;0,41;0,02;0,36;0,04;0,17;0,09;0,02;0,41;0,99;0,06;0,00;0,13;0,23;0,32;0,13;0,24;0,22;0,12;0,06;0,10;0,05;0,02;0,04;0,04;0,02;0,38;0,20;0,04;0,12;0,02;0,15;0,12;0,16;2,58;0,02;0,03;0,08;;;;;65,0967063
01/01/2005;100,89;3,03;33146;0,02;0,16;0,12;0,06;0,17;0,05;0,01;0,45;0,04;0,28;0,03;0,15;0,13;0,03;0,42;1,03;0,05;0,02;0,24;0,24;0,40;0,12;0,21;0,23;0,11;0,04;0,09;0,06;0,06;0,03;0,06;0,01;0,33;0,19;0,04;0,16;0,01;0,09;0,10;0,07;2,46;0,05;0,04;0,03;;;;;71,81374003
01/02/2005;108,98;3,27;31083;0,01;0,07;0,33;0,03;0,20;0,05;0,01;0,63;0,07;0,53;0,02;0,29;0,10;0,01;0,70;1,21;0,02;0,01;0,07;0,17;0,54;0,16;0,31;0,44;0,08;0,03;0,09;0,03;0,02;0,05;0,08;0,03;0,52;0,12;0,02;0,05;0,02;0,13;0,16;0,11;2,62;0,03;0,02;0,04;;;;;99,441073
01/03/2005;90,41;2,71;34922;0,03;0,06;0,14;0,07;0,20;0,03;0,02;0,53;0,04;0,28;0,02;0,17;0,09;0,01;0,53;1,00;0,04;0,02;0,04;0,21;0,33;0,13;0,21;0,32;0,09;0,01;0,05;0,02;0,01;0,05;0,03;0,02;0,49;0,14;0,03;0,04;0,02;0,05;0,21;0,12;2,12;0,03;0,02;0,05;;;;;83,96859639
01/04/2005;87,03;2,61;33979;0,01;0,08;0,10;0,04;0,16;0,03;0,01;0,36;0,04;0,24;0,04;0,07;0,11;0,02;0,35;0,84;0,01;0,02;0,05;0,23;0,19;0,11;0,16;0,20;0,07;0,01;0,08;0,02;0,01;0,04;0,05;0,02;0,26;0,07;0,03;0,04;0,01;0,09;0,09;0,06;1,94;0,02;0,03;0,08;;;;;57,80593658
01/05/2005;98,21;2,95;33440;0,02;0,07;0,14;0,06;0,16;0,03;0,02;0,41;0,04;0,38;0,02;0,09;0,09;0,03;0,62;1,09;0,03;0,01;0,06;0,16;0,25;0,11;0,28;0,44;0,13;0,01;0,14;0,01;0,02;0,03;0,05;0,01;0,42;0,09;0,02;0,04;0,02;0,10;0,05;0,04;2,28;0,04;0,02;0,02;;;;;65,25696473
01/06/2005;81,12;2,43;33207;0,02;0,09;0,18;0,04;0,13;0,03;0,01;0,39;0,04;0,26;0,03;0,11;0,08;0,01;0,38;0,76;0,03;0,00;0,06;0,19;0,21;0,10;0,22;0,27;0,05;0,03;0,15;0,03;0,01;0,03;0,04;0,02;0,30;0,13;0,02;0,05;0,01;0,17;0,06;0,04;1,93;0,03;0,04;0,04;;;;;61,34175141
01/07/2005;165,90;4,98;32757;0,02;0,18;0,13;0,15;0,35;0,08;0,02;0,72;0,03;0,41;0,09;0,39;0,73;0,03;0,59;3,10;0,05;0,01;0,10;0,37;0,49;0,28;0,45;0,41;0,15;0,04;0,17;0,03;0,02;0,05;0,05;0,02;0,58;0,19;0,03;0,08;0,02;0,27;0,13;0,03;3,49;0,02;0,04;0,08;;;;;114,0643598
01/08/2005;116,23;3,49;30894;0,02;0,10;0,04;0,12;0,19;0,03;0,01;0,39;0,06;0,42;0,04;0,17;0,11;0,02;0,50;1,70;0,03;0,00;0,06;0,21;0,41;0,18;0,23;0,24;0,10;0,03;0,05;0,04;0,02;0,05;0,03;0,02;0,41;0,29;0,02;0,03;0,01;0,11;0,02;0,02;2,49;0,06;0,04;0,05;;;;;62,29366646
01/09/2005;103,81;3,11;34237;0,02;0,07;0,09;0,05;0,17;0,03;0,01;0,50;0,02;0,38;0,01;0,14;0,10;0,02;0,41;1,32;0,05;0,01;0,04;0,26;0,22;0,07;0,26;0,32;0,13;0,02;0,07;0,03;0,02;0,03;0,03;0,01;0,47;0,11;0,02;0,04;0,02;0,15;0,06;0,04;2,36;0,05;0,02;0,05;;;;;78,66465882
01/10/2005;87,06;2,61;34810;0,01;0,11;0,05;0,02;0,11;0,04;0,01;0,25;0,01;0,24;0,03;0,11;0,09;0,02;0,38;0,95;0,03;0,01;0,14;0,16;0,26;0,03;0,14;0,15;0,06;0,05;0,06;0,04;0,01;0,01;0,03;0,01;0,39;0,07;0,03;0,05;0,00;0,06;0,03;0,04;2,01;0,01;0,04;0,04;;;;;38,87655471
01/11/2005;83,48;2,50;32789;0,04;0,13;0,05;0,05;0,11;0,04;0,02;0,39;0,02;0,25;0,02;0,16;0,08;0,03;0,29;0,97;0,05;0,01;0,12;0,17;0,27;0,09;0,18;0,19;0,05;0,04;0,03;0,02;0,01;0,02;0,03;0,01;0,35;0,08;0,03;0,03;0,01;0,05;0,06;0,04;1,77;0,05;0,05;0,03;;;;;61,27253614
01/12/2005;95,35;2,86;31889;0,02;0,05;0,09;0,05;0,21;0,05;0,01;0,21;0,04;0,33;0,02;0,17;0,09;0,02;0,36;0,93;0,03;0,01;0,07;0,19;0,29;0,10;0,10;0,13;0,04;0,03;0,07;0,05;0,01;0,02;0,03;0,02;0,25;0,11;0,03;0,05;0,03;0,07;0,02;0,08;2,13;0,03;0,03;0,02;;;;;33,4153459
01/01/2006;94,51;2,83;32490;0,01;0,06;0,10;0,05;0,12;0,09;0,02;0,63;0,02;0,52;0,01;0,16;0,08;0,02;0,64;1,21;0,03;0,02;0,05;0,28;0,46;0,11;0,13;0,23;0,06;0,02;0,11;0,07;0,02;0,02;0,02;0,01;0,67;0,11;0,04;0,02;0,01;0,06;0,01;0,09;2,19;0,06;0,04;0,05;;;;;98,59699687
01/02/2006;95,86;2,88;31407;0,03;0,05;0,10;0,03;0,19;0,04;0,00;0,47;0,03;0,36;0,15;0,14;0,11;0,04;0,45;1,24;0,04;0,01;0,08;0,25;0,30;0,10;0,15;0,21;0,08;0,01;0,10;0,04;0,02;0,03;0,04;0,01;0,54;0,16;0,03;0,04;0,02;0,07;0,05;0,04;2,23;0,07;0,02;0,05;;;;;73,63240364
01/03/2006;92,80;2,78;34850;0,03;0,09;0,04;0,05;0,24;0,03;0,03;0,53;0,03;0,27;0,03;0,11;0,11;0,02;0,44;1,04;0,03;0,01;0,05;0,35;0,34;0,07;0,13;0,26;0,07;0,03;0,07;0,03;0,00;0,02;0,04;0,00;0,58;0,13;0,01;0,04;0,00;0,09;0,04;0,06;2,19;0,05;0,02;0,04;;;;;82,4065514
01/04/2006;89,02;2,67;31911;0,03;0,08;0,04;0,04;0,22;0,04;0,02;0,54;0,02;0,27;0,03;0,17;0,08;0,02;0,36;0,98;0,02;0,01;0,03;0,24;0,36;0,13;0,13;0,20;0,11;0,02;0,04;0,04;0,04;0,02;0,03;0,01;0,50;0,10;0,02;0,02;0,00;0,11;0,06;0,05;2,04;0,04;0,01;0,03;;;;;84,06366399
01/05/2006;85,21;2,56;33415;0,00;0,06;0,07;0,07;0,19;0,06;0,01;0,57;0,05;0,40;0,02;0,12;0,06;0,04;0,48;1,04;0,02;0,01;0,06;0,14;0,25;0,09;0,09;0,20;0,11;0,02;0,08;0,03;0,01;0,00;0,03;0,02;0,54;0,07;0,02;0,03;0,00;0,10;0,05;0,06;2,00;0,07;0,02;0,04;;;;;88,62076333
01/06/2006;102,57;3,08;33089;0,01;0,11;0,09;0,07;0,44;0,05;0,01;0,54;0,01;0,37;0,04;0,18;0,10;0,03;0,45;1,26;0,01;0,02;0,08;0,23;0,43;0,08;0,26;0,29;0,08;0,02;0,08;0,05;0,01;0,02;0,02;0,02;0,59;0,11;0,04;0,03;0,01;0,11;0,04;0,03;2,34;0,04;0,02;0,06;;;;;84,27131368
01/07/2006;137,13;4,11;31484;0,03;0,07;0,16;0,05;0,49;0,07;0,03;0,74;0,02;0,43;0,04;0,37;0,11;0,05;0,71;1,69;0,03;0,01;0,04;0,38;1,73;0,34;0,59;0,71;0,14;0,05;0,05;0,05;0,03;0,02;0,03;0,01;0,88;0,27;0,03;0,03;0,00;0,18;0,04;0,06;2,98;0,05;0,03;0,04;;;;;115,7019609
01/08/2006;147,08;4,41;30987;0,03;0,09;0,13;0,05;0,29;0,05;0,03;0,47;0,02;0,46;0,05;0,23;0,16;0,06;0,86;2,15;0,03;0,01;0,15;0,25;1,73;0,26;0,16;0,20;0,13;0,11;0,09;0,09;0,02;0,03;0,06;0,02;0,55;0,13;0,07;0,05;0,01;0,17;0,02;0,02;3,03;0,08;0,02;0,03;;;;;73,39807955
01/09/2006;111,72;3,35;32945;0,03;0,11;0,11;0,05;0,39;0,05;0,02;0,49;0,02;0,48;0,08;0,14;0,13;0,05;0,53;1,38;0,02;0,02;0,07;0,17;0,62;0,24;0,18;0,24;0,15;0,04;0,09;0,04;0,01;0,03;0,08;0,01;0,52;0,15;0,05;0,12;0,00;0,15;0,03;0,01;2,48;0,06;0,05;0,05;;;;;76,51254744
01/10/2006;113,14;3,39;33595;0,03;0,15;0,09;0,06;0,21;0,10;0,01;1,09;0,02;0,26;0,03;0,18;0,08;0,04;0,52;1,25;0,06;0,02;0,04;0,26;0,35;0,09;0,87;1,32;0,13;0,03;0,07;0,05;0,00;0,02;0,04;0,01;0,79;0,13;0,03;0,06;0,00;0,06;0,11;0,03;2,59;0,04;0,05;0,07;;;;;168,8800012
01/11/2006;88,78;2,66;32935;0,02;0,11;0,06;0,03;0,19;0,03;0,01;0,43;0,02;0,20;0,02;0,14;0,09;0,03;0,36;1,01;0,03;0,01;0,06;0,22;0,46;0,12;0,24;0,40;0,09;0,02;0,07;0,03;0,01;0,02;0,03;0,01;0,41;0,10;0,03;0,03;0,01;0,09;0,03;0,04;1,96;0,05;0,09;0,05;;;;;66,74846261
01/12/2006;90,61;2,72;30762;0,01;0,07;0,09;0,04;0,15;0,03;0,01;0,41;0,02;0,24;0,04;0,19;0,08;0,03;0,39;1,00;0,03;0,02;0,06;0,24;0,52;0,11;0,23;0,34;0,09;0,02;0,07;0,03;0,01;0,02;0,03;0,00;0,54;0,21;0,01;0,05;0,00;0,11;0,03;0,05;2,06;0,03;0,03;0,05;;;;;64,27327796
01/01/2007;97,92;2,94;32380;0,02;0,06;0,13;0,03;0,16;0,09;0,00;0,36;0,03;0,24;0,00;0,15;0,07;0,02;0,27;0,92;0,02;0,01;0,05;0,15;0,38;0,07;0,17;0,26;0,13;0,02;0,07;0,02;0,03;0,06;0,04;0,00;0,33;0,16;0,02;0,06;0,01;0,07;0,04;0,02;2,37;0,04;0,04;0,06;;;;;55,68437964
01/02/2007;96,17;2,88;30300;0,02;0,09;0,08;0,03;0,23;0,05;0,01;0,50;0,02;0,43;0,02;0,14;0,12;0,03;0,32;1,04;0,02;0,01;0,03;0,21;0,31;0,10;0,27;0,38;0,05;0,03;0,05;0,04;0,00;0,01;0,08;0,00;0,59;0,24;0,03;0,02;0,00;0,11;0,02;0,02;2,30;0,03;0,04;0,02;;;;;78,33263429
01/03/2007;87,34;2,62;34586;0,02;0,07;0,08;0,05;0,13;0,04;0,01;0,41;0,04;0,28;0,01;0,12;0,08;0,02;0,29;1,09;0,06;0,01;0,08;0,14;0,31;0,08;0,19;0,28;0,08;0,03;0,06;0,04;0,01;0,04;0,04;0,01;0,39;0,19;0,01;0,03;0,01;0,10;0,04;0,02;1,95;0,05;0,03;0,09;;;;;63,62973762
01/04/2007;76,61;2,30;31202;0,01;0,07;0,03;0,02;0,20;0,03;0,01;0,33;0,02;0,17;0,02;0,15;0,05;0,01;0,26;0,83;0,02;0,01;0,04;0,13;0,22;0,07;0,14;0,20;0,09;0,03;0,05;0,04;0,01;0,03;0,07;0,00;0,29;0,11;0,01;0,03;0,03;0,12;0,02;0,03;1,77;0,01;0,03;0,04;;;;;51,57178111
01/05/2007;92,60;2,78;30820;0,04;0,05;0,08;0,03;0,22;0,03;0,01;0,32;0,03;0,26;0,02;0,17;0,07;0,01;0,30;1,02;0,02;0,01;0,04;0,15;0,36;0,10;0,11;0,14;0,07;0,01;0,07;0,03;0,02;0,01;0,07;0,03;0,38;0,13;0,04;0,03;0,01;0,13;0,02;0,02;1,99;0,01;0,03;0,06;;;;;50,09310158
01/06/2007;97,97;2,94;31546;0,03;0,07;0,11;0,04;0,21;0,03;0,01;0,38;0,04;0,37;0,02;0,17;0,14;0,02;0,40;1,08;0,01;0,02;0,03;0,21;0,44;0,13;0,16;0,23;0,10;0,03;0,09;0,04;0,02;0,02;0,18;0,03;0,50;0,12;0,05;0,03;0,00;0,16;0,02;0,03;2,18;0,03;0,02;0,07;;;;;59,08368441
01/07/2007;112,35;3,37;30893;0,02;0,16;0,06;0,04;0,21;0,03;0,02;0,38;0,03;0,24;0,03;0,17;0,13;0,01;0,37;1,44;0,03;0,01;0,04;0,35;0,27;0,16;0,18;0,34;0,12;0,03;0,06;0,03;0,03;0,03;0,08;0,01;0,42;0,17;0,02;0,02;0,01;0,16;0,03;0,03;2,39;0,03;0,03;0,03;;;;;57,73162136
01/08/2007;83,17;2,49;31507;0,02;0,08;0,03;0,03;0,21;0,02;0,00;0,29;0,02;0,22;0,02;0,10;0,07;0,01;0,31;0,92;0,03;0,01;0,03;0,15;0,17;0,11;0,18;0,24;0,09;0,04;0,04;0,02;0,02;0,03;0,03;0,01;0,33;0,14;0,03;0,01;0,01;0,10;0,02;0,01;1,94;0,04;0,03;0,02;;;;;43,83389665
01/09/2007;94,49;2,83;31968;0,01;0,10;0,04;0,02;0,17;0,02;0,01;0,57;0,02;0,28;0,03;0,10;0,10;0,03;0,43;0,94;0,02;0,00;0,05;0,23;0,38;0,08;0,18;0,29;0,07;0,01;0,07;0,03;0,01;0,02;0,03;0,03;0,50;0,14;0,03;0,07;0,02;0,14;0,04;0,02;2,18;0,03;0,03;0,04;;;;;87,13805976
01/10/2007;101,47;3,04;34959;0,03;0,11;0,07;0,07;0,18;0,03;0,02;0,57;0,03;0,30;0,00;0,09;0,07;0,03;0,40;0,88;0,03;0,01;0,04;0,24;0,38;0,11;0,17;0,30;0,06;0,04;0,08;0,04;0,01;0,03;0,15;0,07;0,57;0,11;0,04;0,13;0,00;0,51;0,04;0,05;2,35;0,05;0,05;0,08;;;;;86,63624795
01/11/2007;89,80;2,69;33379;0,02;0,07;0,08;0,03;0,12;0,05;0,01;0,46;0,03;0,25;0,02;0,09;0,10;0,01;0,42;0,96;0,02;0,03;0,03;0,28;0,23;0,11;0,14;0,14;0,04;0,01;0,05;0,03;0,00;0,02;0,05;0,01;0,44;0,19;0,01;0,04;0,02;0,25;0,03;0,04;1,95;0,07;0,02;0,03;;;;;69,61356316
01/12/2007;94,97;2,85;30859;0,01;0,07;0,10;0,04;0,17;0,07;0,03;0,49;0,06;0,35;0,01;0,10;0,11;0,01;0,50;1,11;0,05;0,01;0,05;0,18;0,44;0,11;0,13;0,17;0,07;0,01;0,05;0,03;0,01;0,02;0,04;0,02;0,63;0,16;0,02;0,06;0,01;0,16;0,01;0,01;2,15;0,11;0,00;0,03;;;;;75,19156023
01/01/2008;81,50;2,44;32113;0,02;0,04;0,05;0,06;0,11;0,06;0,01;0,35;0,03;0,20;0,01;0,23;0,09;0,01;0,32;0,69;0,04;0,00;0,05;0,23;0,44;0,07;0,15;0,17;0,05;0,02;0,06;0,04;0,01;0,02;0,02;0,02;0,29;0,15;0,02;0,02;0,00;0,04;0,03;0,00;1,84;0,06;0,02;0,04;;;;;53,65366582
01/02/2008;80,75;2,42;31461;0,04;0,09;0,06;0,02;0,18;0,03;0,02;0,29;0,03;0,22;0,03;0,14;0,10;0,03;0,32;0,71;0,01;0,00;0,08;0,14;0,30;0,06;0,10;0,11;0,06;0,01;0,05;0,02;0,00;0,02;0,06;0,03;0,38;0,06;0,01;0,03;0,01;0,19;0,02;0,05;1,77;0,08;0,03;0,08;;;;;43,52346033
01/03/2008;77,64;2,33;32294;0,04;0,05;0,06;0,06;0,16;0,03;0,02;0,34;0,21;0,15;0,02;0,14;0,09;0,01;0,28;0,64;0,03;0,00;0,06;0,13;0,42;0,06;0,07;0,10;0,07;0,02;0,05;0,03;0,02;0,00;0,05;0,02;0,29;0,10;0,02;0,03;0,01;0,16;0,07;0,04;1,63;0,20;0,02;0,05;;;;;52,15472691
01/04/2008;71,90;2,16;31576;0,01;0,03;0,03;0,02;0,14;0,02;0,01;0,29;0,08;0,14;0,02;0,10;0,03;0,01;0,22;0,63;0,03;0,00;0,03;0,12;0,32;0,06;0,14;0,23;0,08;0,01;0,05;0,01;0,01;0,02;0,04;0,02;0,28;0,08;0,02;0,03;0,01;0,05;0,02;0,06;1,63;0,04;0,02;0,11;;;;;44,58923728
01/05/2008;72,57;2,18;32755;0,02;0,07;0,05;0,04;0,13;0,02;0,02;0,40;0,07;0,19;0,02;0,18;0,07;0,02;0,29;0,54;0,01;0,01;0,06;0,24;0,47;0,09;0,09;0,15;0,07;0,02;0,05;0,03;0,01;0,01;0,03;0,02;0,34;0,20;0,02;0,11;0,01;0,09;0,04;0,03;1,62;0,06;0,02;0,06;;;;;59,92665494
01/06/2008;87,55;2,63;30656;0,02;0,08;0,15;0,05;0,19;0,06;0,00;0,37;0,03;0,34;0,05;0,20;0,08;0,02;0,43;0,88;0,01;0,01;0,04;0,18;0,49;0,13;0,16;0,23;0,07;0,04;0,15;0,03;0,00;0,03;0,04;0,14;0,33;0,10;0,04;0,04;0,01;0,10;0,03;0,01;1,86;0,07;0,01;0,10;;;;;56,04124022
01/07/2008;89,74;2,69;30279;0,02;0,07;0,06;0,05;0,20;0,07;0,02;0,45;0,08;0,45;0,02;0,09;0,09;0,04;0,55;0,90;0,02;0,01;0,03;0,27;0,50;0,09;0,27;0,20;0,07;0,03;0,06;0,02;0,01;0,02;0,08;0,06;0,54;0,07;0,02;0,05;0,00;0,24;0,02;0,03;2,04;0,07;0,02;0,15;;;;;68,04185332
01/08/2008;88,55;2,66;29969;0,01;0,03;0,17;0,04;0,17;0,03;0,00;0,37;0,02;0,37;0,02;0,04;0,06;0,06;0,65;0,75;0,03;0,04;0,03;0,28;0,19;0,10;0,14;0,12;0,06;0,02;0,05;0,03;0,01;0,05;0,23;0,01;1,12;0,06;0,02;0,05;0,01;0,17;0,02;0,23;1,96;0,04;0,01;0,05;;;;;56,11379524
01/09/2008;88,54;2,66;30726;0,03;0,08;0,13;0,07;0,16;0,06;0,02;0,38;0,09;0,34;0,03;0,05;0,09;0,02;0,49;0,76;0,04;0,00;0,03;0,28;0,23;0,12;0,16;0,26;0,11;0,03;0,08;0,04;0,01;0,03;0,10;0,04;0,83;0,05;0,02;0,05;0,01;0,09;0,04;0,22;2,03;0,12;0,02;0,07;;;;;57,54016668
01/10/2008;64,16;1,92;32010;0,02;0,02;0,06;0,03;0,11;0,02;0,00;0,35;0,03;0,17;0,01;0,07;0,08;0,02;0,34;0,66;0,03;0,04;0,02;0,20;0,17;0,07;0,15;0,22;0,05;0,02;0,02;0,01;0,01;0,01;0,05;0,02;0,42;0,09;0,04;0,07;0,01;0,12;0,04;0,07;1,38;0,06;0,01;0,04;;;;;52,31478915
01/11/2008;79,08;2,37;29596;0,02;0,09;0,07;0,05;0,16;0,02;0,00;0,30;0,06;0,19;0,03;0,10;0,08;0,03;0,31;0,73;0,06;0,01;0,05;0,51;0,33;0,07;0,16;0,15;0,08;0,05;0,04;0,02;0,04;0,02;0,16;0,02;0,47;0,16;0,02;0,10;0,01;0,08;0,05;0,05;1,76;0,06;0,01;0,04;;;;;44,85699281
01/12/2008;92,37;2,77;26819;0,00;0,08;0,09;0,03;0,14;0,02;0,00;0,29;0,02;0,11;0,03;0,22;0,06;0,02;0,35;0,83;0,03;0,01;0,02;0,89;0,53;0,06;0,07;0,16;0,07;0,01;0,06;0,03;0,01;0,01;0,03;0,04;0,38;0,13;0,04;0,10;0,01;0,11;0,03;0,07;1,92;0,03;0,03;0,03;;;;;43,26545452
01/01/2009;85,37;2,56;28939;0,01;0,04;0,07;0,01;0,15;0,05;0,00;0,25;0,01;0,14;0,03;0,67;0,08;0,00;0,41;0,79;0,02;0,01;0,03;0,35;1,23;0,11;0,09;0,15;0,04;0,01;0,04;0,03;0,01;0,01;0,05;0,02;0,32;0,21;0,03;0,03;0,00;0,17;0,02;0,07;1,77;0,03;0,01;0,02;;;;;36,90745469
01/02/2009;67,45;2,02;26592;0,02;0,03;0,05;0,02;0,11;0,03;0,00;0,31;0,03;0,18;0,01;0,20;0,07;0,01;0,26;0,53;0,02;0,00;0,09;0,24;0,39;0,03;0,23;0,30;0,06;0,01;0,03;0,02;0,01;0,00;0,09;0,02;0,36;0,09;0,02;0,01;0,01;0,08;0,01;0,02;1,58;0,04;0,02;0,02;;;;;46,15559213
01/03/2009;72,64;2,18;28822;0,00;0,05;0,09;0,02;0,11;0,03;0,00;0,25;0,03;0,15;0,02;0,14;0,05;0,01;0,21;0,70;0,01;0,02;0,03;0,22;0,36;0,05;0,19;0,22;0,12;0,01;0,05;0,02;0,00;0,01;0,10;0,03;0,32;0,08;0,02;0,02;0,00;0,07;0,02;0,02;1,64;0,05;0,01;0,05;;;;;36,32937788
01/04/2009;85,69;2,57;27664;0,02;0,06;0,05;0,04;0,17;0,04;0,01;0,59;0,03;0,22;0,05;0,08;0,08;0,01;0,39;0,90;0,02;0,01;0,05;0,36;0,27;0,08;0,37;0,52;0,16;0,02;0,05;0,01;0,01;0,03;0,05;0,01;0,60;0,10;0,03;0,11;0,01;0,11;0,01;0,06;2,00;0,05;0,01;0,04;;;;;86,08538527
01/05/2009;89,68;2,69;27808;0,01;0,05;0,06;0,01;0,19;0,05;0,01;0,40;0,02;0,12;0,01;0,15;0,06;0,00;0,24;0,63;0,05;0,01;0,02;0,37;0,35;0,06;0,32;0,50;0,09;0,01;0,06;0,01;0,01;0,00;0,04;0,03;0,44;0,12;0,04;0,03;0,01;0,08;0,01;0,02;2,08;0,03;0,03;0,03;;;;;58,10930677
01/06/2009;81,11;2,43;26595;0,02;0,02;0,08;0,07;0,13;0,05;0,00;0,41;0,03;0,22;0,03;0,19;0,08;0,01;0,35;0,69;0,02;0,02;0,02;0,24;0,37;0,15;0,17;0,42;0,07;0,01;0,07;0,02;0,03;0,04;0,07;0,07;0,46;0,12;0,02;0,03;0,01;0,05;0,01;0,03;1,76;0,05;0,01;0,03;;;;;60,07890814
01/07/2009;83,44;2,50;26172;0,05;0,09;0,07;0,03;0,16;0,02;0,01;0,39;0,05;0,15;0,03;0,11;0,05;0,01;0,29;0,74;0,05;0,01;0,09;0,20;0,30;0,16;0,21;0,42;0,08;0,06;0,06;0,02;0,01;0,03;0,07;0,02;0,53;0,10;0,04;0,09;0,00;0,09;0,03;0,07;1,93;0,12;0,02;0,03;;;;;57,01256702
01/08/2009;73,37;2,20;24992;0,04;0,10;0,04;0,03;0,17;0,04;0,02;0,38;0,05;0,14;0,02;0,07;0,03;0,00;0,22;0,58;0,02;0,02;0,07;0,16;0,16;0,05;0,22;0,36;0,13;0,03;0,03;0,02;0,02;0,01;0,03;0,01;0,40;0,04;0,02;0,08;0,00;0,07;0,03;0,03;1,69;0,07;0,00;0,01;;;;;55,48411806
01/09/2009;92,84;2,78;26359;0,03;0,05;0,11;0,05;0,21;0,03;0,01;0,61;0,03;0,63;0,03;0,08;0,07;0,01;0,62;1,15;0,03;0,00;0,04;0,19;0,55;0,12;0,14;0,28;0,08;0,02;0,05;0,02;0,02;0,03;0,20;0,08;0,88;0,10;0,03;0,02;0,00;0,09;0,01;0,03;2,20;0,06;0,02;0,10;;;;;89,50176471
01/10/2009;90,58;2,72;28122;0,01;0,05;0,11;0,06;0,13;0,07;0,00;0,43;0,02;0,25;0,06;0,12;0,05;0,01;0,45;0,82;0,02;0,01;0,03;0,34;0,33;0,07;0,14;0,18;0,10;0,01;0,05;0,05;0,00;0,02;0,08;0,06;0,58;0,08;0,02;0,03;0,01;0,07;0,03;0,04;2,11;0,05;0,02;0,05;;;;;62,10737466
01/11/2009;82,10;2,46;26233;0,03;0,06;0,08;0,10;0,18;0,03;0,02;0,37;0,07;0,24;0,10;0,11;0,05;0,02;0,28;0,73;0,01;0,00;0,04;0,20;0,31;0,05;0,14;0,22;0,07;0,02;0,05;0,02;0,01;0,02;0,02;0,03;0,44;0,12;0,03;0,03;0,00;0,09;0,03;0,01;1,74;0,08;0,01;0,05;;;;;54,26571126
01/12/2009;92,95;2,79;24858;0,01;0,08;0,09;0,06;0,18;0,05;0,01;0,37;0,04;0,23;0,17;0,13;0,08;0,01;0,34;0,89;0,01;0,01;0,04;0,29;0,33;0,13;0,12;0,19;0,06;0,02;0,25;0,05;0,00;0,04;0,05;0,01;0,48;0,14;0,04;0,06;0,00;0,11;0,00;0,03;2,21;0,04;0,03;0,02;;;;;53,04915478
01/01/2010;91,58;2,75;27049;0,02;0,04;0,02;0,06;0,19;0,02;0,01;0,37;0,03;0,20;0,08;0,13;0,03;0,01;0,32;1,13;0,03;0,00;0,04;0,20;0,22;0,05;0,17;0,16;0,09;0,01;0,18;0,03;0,00;0,01;0,01;0,01;0,34;0,21;0,01;0,04;0,01;0,11;0,08;0,03;2,06;0,04;0,01;0,02;;;;;52,90658349
01/02/2010;80,73;2,42;27465;0,07;0,05;0,05;0,06;0,14;0,01;0,01;0,51;0,02;0,27;0,06;0,12;0,06;0,03;0,31;0,95;0,04;0,00;0,01;0,21;0,33;0,07;0,08;0,17;0,07;0,01;0,08;0,02;0,02;0,01;0,02;0,01;0,42;0,13;0,03;0,04;0,00;0,16;0,16;0,05;1,81;0,02;0,00;0,05;;;;;73,50005408
01/03/2010;74,12;2,22;29464;0,01;0,07;0,03;0,10;0,12;0,04;0,02;0,38;0,03;0,20;0,05;0,09;0,04;0,01;0,23;0,74;0,01;0,01;0,06;0,18;0,40;0,07;0,12;0,19;0,06;0,01;0,07;0,03;0,00;0,01;0,03;0,02;0,55;0,11;0,05;0,09;0,00;0,14;0,06;0,03;1,66;0,03;0,01;0,02;;;;;54,24446871
01/04/2010;88,76;2,66;28096;0,03;0,05;0,10;0,09;0,15;0,05;0,08;0,56;0,04;0,27;0,03;0,14;0,10;0,01;0,27;0,75;0,01;0,00;0,03;0,28;0,39;0,06;0,10;0,36;0,15;0,04;0,08;0,07;0,01;0,02;0,07;0,02;0,79;0,08;0,07;0,13;0,00;0,16;0,08;0,10;1,97;0,02;0,01;0,11;;;;;80,77365327
01/05/2010;88,96;2,67;29308;0,02;0,06;0,12;0,23;0,18;0,04;0,00;0,65;0,03;0,27;0,03;0,13;0,12;0,04;0,38;0,82;0,03;0,01;0,03;0,27;0,34;0,06;0,26;0,48;0,13;0,03;0,04;0,04;0,01;0,01;0,05;0,05;0,56;0,08;0,05;0,17;0,01;0,27;0,03;0,02;2,03;0,02;0,02;0,03;;;;;93,01938709
01/06/2010;96,45;2,89;29070;0,01;0,09;0,11;0,18;0,19;0,02;0,02;0,37;0,06;0,26;0,04;0,34;0,08;0,02;0,34;0,93;0,02;0,01;0,02;0,17;0,98;0,07;0,12;0,23;0,23;0,02;0,03;0,03;0,02;0,01;0,08;0,03;0,53;0,08;0,07;0,03;0,00;0,74;0,05;0,02;2,12;0,04;0,01;0,04;;;;;53,28684891
01/07/2010;79,38;2,38;28434;0,01;0,07;0,07;0,05;0,12;0,02;0,00;0,22;0,06;0,24;0,02;0,15;0,09;0,00;0,19;0,93;0,01;0,01;0,02;0,27;0,41;0,09;0,06;0,14;0,15;0,01;0,06;0,04;0,02;0,01;0,01;0,02;0,28;0,09;0,02;0,02;0,01;0,23;0,01;0,02;1,62;0,05;0,02;0,04;;;;;31,19520557
01/08/2010;80,99;2,43;26633;0,02;0,08;0,04;0,06;0,22;0,02;0,03;0,33;0,07;0,19;0,03;0,14;0,06;0,00;0,21;0,63;0,07;0,01;0,05;0,27;0,34;0,08;0,15;0,18;0,13;0,03;0,09;0,02;0,00;0,08;0,03;0,02;0,39;0,12;0,02;0,05;0,00;0,17;0,05;0,01;1,73;0,04;0,02;0,05;;;;;46,558026
01/09/2010;71,17;2,13;28436;0,04;0,07;0,05;0,05;0,11;0,05;0,01;0,34;0,04;0,21;0,01;0,08;0,07;0,01;0,25;0,62;0,04;0,01;0,01;0,17;0,33;0,03;0,19;0,20;0,09;0,00;0,06;0,02;0,03;0,02;0,04;0,01;0,32;0,07;0,02;0,03;0,00;0,08;0,04;0,01;1,55;0,04;0,03;0,04;;;;;47,97530127
01/10/2010;65,99;1,98;30414;0,01;0,04;0,10;0,03;0,13;0,03;0,03;0,28;0,02;0,35;0,03;0,06;0,04;0,02;0,36;0,77;0,00;0,02;0,04;0,17;0,25;0,10;0,17;0,12;0,09;0,01;0,05;0,03;0,01;0,01;0,01;0,04;0,24;0,13;0,06;0,01;0,00;0,08;0,02;0,02;1,43;0,03;0,02;0,02;;;;;40,06696836
01/11/2010;94,71;2,84;28621;0,01;0,08;0,10;0,06;0,16;0,04;0,03;0,68;0,05;0,39;0,03;0,15;0,12;0,01;0,36;1,05;0,03;0,01;0,08;0,26;0,37;0,11;0,31;0,60;0,08;0,01;0,07;0,02;0,01;0,01;0,07;0,24;0,68;0,24;0,04;0,11;0,00;0,16;0,02;0,04;2,03;0,04;0,02;0,07;;;;;96,21874649
01/12/2010;97,20;2,92;26479;0,01;0,11;0,10;0,07;0,13;0,08;0,03;0,53;0,03;0,35;0,06;0,09;0,09;0,02;0,42;1,04;0,02;0,00;0,01;0,25;0,31;0,12;0,22;0,48;0,15;0,01;0,09;0,07;0,00;0,01;0,04;0,05;0,63;0,12;0,18;0,03;0,02;0,19;0,05;0,05;2,11;0,03;0,01;0,13;;;;;74,65245145
01/01/2011;79,42;2,38;27622;0,02;0,08;0,05;0,07;0,08;0,07;0,02;0,47;0,02;0,26;0,01;0,25;0,06;0,01;0,35;0,72;0,03;0,01;0,04;0,16;0,34;0,07;0,11;0,23;0,06;0,02;0,05;0,02;0,03;0,01;0,01;0,03;0,48;0,06;0,01;0,01;0,18;0,20;0,07;0,04;1,53;0,02;0,02;0,03;;;;;65,84620296
01/02/2011;90,01;2,70;25853;0,02;0,07;0,09;0,04;0,11;0,10;0,00;0,40;0,00;0,31;0,01;1,01;0,07;0,00;0,34;1,00;0,03;0,01;0,03;0,16;0,36;0,21;0,12;0,16;0,10;0,03;0,07;0,03;0,00;0,00;0,02;0,04;0,33;0,29;0,04;0,05;0,46;0,17;0,02;0,01;1,80;0,04;0,01;0,03;;;;;56,06353449
01/03/2011;136,89;4,11;30055;0,02;0,05;0,33;0,11;0,29;0,07;0,02;0,53;0,03;0,53;0,07;0,88;0,14;0,04;1,32;1,92;0,04;0,01;0,02;0,22;0,27;0,49;0,50;0,12;0,10;0,01;0,05;0,05;0,01;0,02;0,03;0,06;0,73;0,49;0,04;0,01;0,48;0,39;0,01;0,03;2,94;0,03;0,02;0,06;;;;;74,25839451
01/04/2011;91,02;2,73;27949;0,02;0,03;0,22;0,04;0,16;0,02;0,01;0,27;0,01;0,24;0,04;0,44;0,08;0,03;0,78;1,06;0,01;0,01;0,02;0,11;0,30;0,35;0,18;0,10;0,05;0,00;0,07;0,06;0,01;0,02;0,01;0,05;0,25;0,17;0,03;0,05;0,25;0,20;0,01;0,03;1,92;0,01;0,01;0,13;;;;;37,61128435
01/05/2011;105,34;3,16;28009;0,01;0,04;0,14;0,02;0,12;0,05;0,00;0,21;0,01;0,24;0,04;0,51;0,08;0,03;0,51;1,05;0,00;0,00;0,05;0,22;0,37;0,26;0,17;0,12;0,07;0,01;0,04;0,03;0,01;0,01;0,01;0,01;0,22;0,22;0,04;0,01;0,30;0,17;0,01;0,00;2,30;0,05;0,01;0,07;;;;;28,91946007
01/06/2011;84,39;2,53;27773;0,03;0,05;0,12;0,05;0,15;0,02;0,02;0,36;0,00;0,26;0,04;0,27;0,06;0,03;0,41;0,87;0,03;0,00;0,04;0,19;0,27;0,23;0,08;0,09;0,10;0,02;0,06;0,03;0,01;0,01;0,05;0,03;0,29;0,22;0,04;0,04;0,19;0,38;0,01;0,02;1,80;0,03;0,02;0,08;;;;;50,57865754
01/07/2011;78,92;2,37;27120;0,01;0,08;0,07;0,03;0,09;0,02;0,01;0,27;0,01;0,17;0,05;0,16;0,04;0,03;0,36;0,84;0,03;0,00;0,05;0,17;0,17;0,14;0,11;0,13;0,08;0,01;0,05;0,14;0,00;0,04;0,01;0,03;0,27;0,09;0,07;0,03;0,14;0,25;0,04;0,00;1,57;0,01;0,01;0,03;;;;;37,32918781
01/08/2011;86,95;2,61;26687;0,00;0,02;0,06;0,06;0,10;0,03;0,00;0,30;0,00;0,24;0,02;0,36;0,05;0,02;0,45;0,91;0,00;0,00;0,01;0,13;0,25;0,21;0,09;0,11;0,04;0,01;0,04;0,04;0,00;0,01;0,01;0,03;0,38;0,18;0,03;0,01;0,34;0,39;0,02;0,03;1,70;0,04;0,00;0,09;;;;;41,41975401
01/09/2011;83,35;2,50;28160;0,01;0,05;0,04;0,07;0,14;0,06;0,00;0,28;0,04;0,18;0,02;0,31;0,04;0,02;0,30;0,70;0,02;0,00;0,03;0,19;0,44;0,15;0,11;0,08;0,06;0,03;0,02;0,03;0,02;0,01;0,05;0,03;0,29;0,17;0,02;0,03;0,12;0,40;0,04;0,01;1,64;0,02;0,00;0,08;;;;;38,62859797
01/10/2011;76,34;2,29;28475;0,02;0,06;0,10;0,06;0,17;0,04;0,01;0,37;0,02;0,14;0,02;0,29;0,06;0,02;0,32;0,68;0,04;0,01;0,04;0,20;0,28;0,10;0,08;0,10;0,19;0,02;0,01;0,02;0,01;0,02;0,02;0,04;0,31;0,32;0,01;0,04;0,09;0,25;0,01;0,01;1,53;0,00;0,00;0,10;;;;;51,0708417
01/11/2011;83,16;2,49;28105;0,00;0,11;0,10;0,04;0,18;0,02;0,00;0,59;0,02;0,27;0,00;0,39;0,06;0,03;0,52;0,82;0,00;0,01;0,07;0,16;0,52;0,17;0,15;0,17;0,08;0,01;0,03;0,01;0,01;0,03;0,02;0,04;0,62;0,31;0,02;0,04;0,09;0,47;0,02;0,01;1,74;0,01;0,02;0,03;;;;;80,79505632
01/12/2011;85,34;2,56;26292;0,04;0,04;0,17;0,06;0,11;0,05;0,01;0,55;0,01;0,29;0,02;0,24;0,14;0,02;0,38;0,86;0,03;0,02;0,02;0,16;0,29;0,14;0,20;0,31;0,06;0,01;0,10;0,03;0,00;0,03;0,05;0,03;0,46;0,24;0,05;0,03;0,07;0,31;0,02;0,02;1,83;0,04;0,01;0,03;;;;;75,35334059
01/01/2012;79,63;2,39;26920;0,02;0,07;0,10;0,05;0,07;0,04;0,01;0,56;0,01;0,25;0,04;0,31;0,15;0,01;0,40;0,84;0,06;0,01;0,02;0,17;0,45;0,16;0,19;0,24;0,05;0,00;0,04;0,00;0,00;0,02;0,01;0,02;0,44;0,28;0,01;0,08;0,03;0,26;0,03;0,01;1,78;0,06;0,01;0,05;;;;;76,52649212
01/02/2012;92,45;2,77;26255;0,05;0,06;0,16;0,01;0,12;0,04;0,00;0,82;0,02;0,29;0,03;0,24;0,09;0,02;0,57;1,06;0,01;0,01;0,01;0,29;0,69;0,13;0,12;0,16;0,08;0,06;0,10;0,02;0,00;0,02;0,03;0,07;0,89;0,35;0,03;0,16;0,22;0,36;0,01;0,04;1,91;0,04;0,01;0,05;;;;;111,5617159
01/03/2012;88,76;2,66;28998;0,01;0,06;0,10;0,05;0,13;0,02;0,01;0,62;0,03;0,18;0,01;0,21;0,08;0,01;0,43;0,93;0,02;0,01;0,03;0,18;0,65;0,09;0,22;0,28;0,04;0,03;0,05;0,03;0,00;0,00;0,04;0,01;0,69;0,22;0,03;0,05;0,04;0,31;0,01;0,02;1,91;0,02;0,01;0,06;;;;;85,09566348
01/04/2012;96,02;2,88;26355;0,02;0,10;0,11;0,05;0,10;0,04;0,00;0,80;0,06;0,36;0,01;0,17;0,08;0,01;0,50;1,09;0,03;0,00;0,05;0,27;0,38;0,04;0,25;0,31;0,06;0,05;0,03;0,05;0,01;0,04;0,03;0,02;0,58;0,20;0,02;0,07;0,05;0,51;0,02;0,01;1,97;0,03;0,02;0,07;;;;;109,047812
01/05/2012;78,17;2,34;27680;0,01;0,07;0,06;0,03;0,08;0,03;0,00;0,48;0,03;0,29;0,00;0,12;0,05;0,01;0,36;0,76;0,01;0,01;0,01;0,16;0,35;0,09;0,15;0,18;0,05;0,00;0,05;0,06;0,00;0,03;0,05;0,03;0,57;0,19;0,02;0,03;0,03;0,24;0,03;0,01;1,63;0,03;0,01;0,03;;;;;65,48279731
01/06/2012;77,82;2,33;26733;0,01;0,05;0,07;0,03;0,07;0,06;0,00;0,48;0,01;0,27;0,03;0,26;0,06;0,01;0,33;0,93;0,00;0,00;0,02;0,10;0,37;0,05;0,09;0,10;0,13;0,02;0,06;0,04;0,00;0,02;0,04;0,01;0,80;0,24;0,03;0,02;0,04;0,47;0,01;0,01;1,49;0,01;0,01;0,03;;;;;65,11304875
01/07/2012;82,81;2,48;25969;0,03;0,04;0,05;0,03;0,10;0,05;0,00;0,49;0,03;0,22;0,01;0,24;0,05;0,01;0,39;0,87;0,02;0,01;0,00;0,20;0,59;0,07;0,09;0,10;0,08;0,03;0,05;0,05;0,01;0,05;0,03;0,01;0,75;0,21;0,05;0,05;0,05;0,59;0,03;0,00;1,70;0,02;0,02;0,04;;;;;66,35939091
01/08/2012;74,88;2,25;26760;0,01;0,05;0,03;0,01;0,06;0,01;0,01;0,30;0,03;0,16;0,00;0,27;0,05;0,02;0,23;0,70;0,02;0,00;0,02;0,15;0,53;0,07;0,13;0,09;0,09;0,01;0,04;0,03;0,00;0,02;0,02;0,00;0,38;0,32;0,03;0,02;0,03;0,47;0,02;0,01;1,74;0,04;0,02;0,06;;;;;40,98539475
01/09/2012;69,28;2,08;27286;0,01;0,08;0,05;0,02;0,15;0,02;0,01;0,37;0,02;0,19;0,01;0,27;0,05;0,00;0,23;0,60;0,02;0,00;0,04;0,13;0,52;0,06;0,13;0,13;0,07;0,03;0,03;0,04;0,01;0,02;0,01;0,01;0,34;0,14;0,02;0,04;0,05;0,27;0,02;0,01;1,57;0,02;0,01;0,04;;;;;49,43800223
01/10/2012;81,66;2,45;28660;0,01;0,06;0,12;0,01;0,08;0,02;0,00;0,34;0,03;0,24;0,01;0,21;0,06;0,03;0,30;0,77;0,03;0,03;0,01;0,08;0,42;0,07;0,10;0,07;0,05;0,01;0,04;0,04;0,01;0,03;0,03;0,02;0,44;0,19;0,03;0,02;0,04;0,41;0,01;0,04;1,56;0,04;0,01;0,03;;;;;45,97749856
01/11/2012;81,39;2,44;28183;0,01;0,06;0,04;0,02;0,11;0,03;0,01;0,31;0,01;0,20;0,00;0,62;0,04;0,01;0,30;0,78;0,01;0,00;0,03;0,12;0,92;0,07;0,11;0,08;0,07;0,02;0,02;0,02;0,01;0,05;0,01;0,00;0,30;0,17;0,02;0,04;0,09;0,37;0,05;0,01;1,57;0,01;0,02;0,05;;;;;40,88797852
01/12/2012;74,83;2,24;25752;0,02;0,04;0,09;0,04;0,08;0,03;0,00;0,31;0,02;0,24;0,01;0,24;0,05;0,01;0,39;0,73;0,00;0,01;0,00;0,09;0,30;0,07;0,18;0,20;0,05;0,02;0,07;0,02;0,01;0,05;0,02;0,02;0,44;0,10;0,03;0,01;0,06;0,33;0,03;0,00;1,56;0,00;0,01;0,05;;;;;40,94838074
01/01/2013;90,66;2,72;27251;0,01;0,06;0,10;0,01;0,17;0,03;0,01;0,34;0,01;0,26;0,04;0,22;0,05;0,01;0,94;1,10;0,01;0,01;0,01;0,12;0,22;0,10;0,30;0,21;0,07;0,05;0,15;0,17;0,01;0,05;0,01;0,02;0,36;0,09;0,03;0,03;0,08;0,22;0,01;0,02;1,76;0,00;0,02;0,07;;;;;45,37829085
01/02/2013;81,59;2,45;25335;0,03;0,05;0,12;0,02;0,16;0,02;0,01;0,47;0,01;0,33;0,02;0,27;0,06;0,01;0,59;0,71;0,00;0,00;0,01;0,11;0,41;0,18;0,22;0,36;0,08;0,02;0,04;0,04;0,01;0,02;0,01;0,01;0,45;0,13;0,04;0,04;0,11;0,17;0,01;0,02;1,84;0,01;0,02;0,04;;;;;61,70933637
01/03/2013;75,90;2,28;28202;0,03;0,05;0,09;0,02;0,07;0,02;0,01;0,41;0,02;0,20;0,01;0,11;0,02;0,02;0,37;0,81;0,03;0,01;0,02;0,09;0,37;0,13;0,17;0,45;0,07;0,02;0,03;0,02;0,01;0,04;0,04;0,01;0,40;0,19;0,04;0,02;0,05;0,32;0,01;0,00;1,64;0,02;0,01;0,05;;;;;54,35856109
01/04/2013;95,11;2,85;26712;0,03;0,08;0,07;0,01;0,16;0,03;0,00;0,65;0,01;0,23;0,01;0,13;0,06;0,01;0,37;0,86;0,01;0,00;0,01;0,15;0,38;0,09;0,45;0,82;0,04;0,01;0,04;0,01;0,00;0,04;0,03;0,01;0,52;0,15;0,01;0,02;0,07;0,23;0,03;0,00;2,22;0,03;0,02;0,04;;;;;85,33164742
01/05/2013;83,72;2,51;27718;0,04;0,04;0,17;0,04;0,12;0,03;0,01;0,27;0,03;0,19;0,01;0,12;0,03;0,02;0,45;0,97;0,01;0,00;0,01;0,12;0,44;0,10;0,14;0,24;0,06;0,01;0,05;0,01;0,00;0,02;0,01;0,00;0,60;0,13;0,06;0,03;0,08;0,29;0,03;0,00;1,77;0,03;0,00;0,01;;;;;36,09066006
01/06/2013;82,97;2,49;26279;0,00;0,06;0,10;0,03;0,10;0,03;0,00;0,41;0,01;0,32;0,04;0,11;0,03;0,02;0,41;0,89;0,08;0,01;0,00;0,12;0,30;0,12;0,16;0,19;0,05;0,01;0,08;0,04;0,00;0,05;0,02;0,02;0,56;0,20;0,02;0,02;0,03;0,25;0,02;0,03;1,86;0,01;0,02;0,03;;;;;54,36125142
01/07/2013;73,98;2,22;25464;0,02;0,03;0,08;0,04;0,14;0,01;0,00;0,27;0,03;0,20;0,01;0,50;0,05;0,01;0,25;0,82;0,04;0,01;0,01;0,08;0,30;0,11;0,09;0,18;0,08;0,01;0,07;0,05;0,00;0,02;0,02;0,02;0,30;0,12;0,04;0,01;0,05;0,12;0,00;0,02;1,43;0,02;0,02;0,06;;;;;34,8905505
01/08/2013;90,96;2,73;26135;0,01;0,06;0,06;0,04;0,12;0,03;0,01;0,27;0,02;0,29;0,02;0,48;0,03;0,01;0,50;1,21;0,03;0,00;0,01;0,18;0,39;0,08;0,08;0,13;0,03;0,00;0,05;0,03;0,00;0,02;0,04;0,01;0,60;0,28;0,06;0,00;0,04;0,33;0,00;0,02;2,06;0,01;0,02;0,03;;;;;35,33693759
01/09/2013;100,46;3,01;25986;0,04;0,09;0,06;0,06;0,23;0,06;0,00;0,37;0,02;0,34;0,02;0,27;0,07;0,02;0,64;1,18;0,02;0,01;0,03;0,13;0,80;0,13;0,12;0,15;0,06;0,02;0,08;0,03;0,02;0,05;0,03;0,00;0,99;0,22;0,10;0,02;0,02;0,25;0,01;0,01;2,36;0,02;0,02;0,06;;;;;47,84013991
01/10/2013;72,95;2,19;27649;0,03;0,06;0,06;0,04;0,13;0,03;0,01;0,34;0,01;0,32;0,01;0,23;0,05;0,01;0,35;0,78;0,02;0,00;0,05;0,13;0,52;0,13;0,08;0,11;0,06;0,05;0,02;0,05;0,01;0,04;0,02;0,01;0,50;0,17;0,04;0,01;0,04;0,21;0,01;0,04;1,57;0,03;0,01;0,08;;;;;43,86708626
01/11/2013;77,78;2,33;26405;0,00;0,04;0,04;0,06;0,07;0,11;0,00;0,50;0,02;0,48;0,01;0,13;0,03;0,01;0,61;0,91;0,04;0,00;0,01;0,16;0,83;0,05;0,13;0,13;0,03;0,01;0,03;0,04;0,00;0,07;0,00;0,01;0,64;0,39;0,02;0,02;0,01;0,16;0,01;0,02;1,76;0,03;0,01;0,03;;;;;64,25052549
01/12/2013;70,37;2,11;24020;0,01;0,08;0,05;0,04;0,11;0,06;0,00;0,36;0,00;0,24;0,02;0,16;0,03;0,00;0,30;0,60;0,02;0,00;0,01;0,08;0,35;0,07;0,13;0,17;0,05;0,00;0,04;0,05;0,00;0,03;0,03;0,01;0,39;0,16;0,04;0,05;0,01;0,14;0,01;0,10;1,63;0,00;0,00;0,09;;;;;45,90102463
01/01/2014;77,92;2,34;25460;0,02;0,04;0,09;0,02;0,08;0,27;0,00;0,27;0,01;0,30;0,04;0,16;0,04;0,00;0,29;0,68;0,02;0,02;0,01;0,09;0,35;0,07;0,10;0,12;0,06;0,02;0,05;0,03;0,01;0,01;0,03;0,00;0,52;0,18;0,04;0,06;0,05;0,23;0,01;0,13;1,70;0,01;0,02;0,05;;;;;35,11344695
01/02/2014;69,00;2,07;24110;0,01;0,05;0,13;0,02;0,10;0,08;0,01;0,29;0,02;0,45;0,02;0,14;0,05;0,02;0,37;0,59;0,01;0,02;0,07;0,10;0,22;0,10;0,09;0,15;0,05;0,01;0,07;0,02;0,02;0,03;0,08;0,01;0,61;0,12;0,04;0,05;0,02;0,16;0,01;0,32;1,46;0,07;0,02;0,03;;;;;37,43576724
01/03/2014;119,84;3,59;26875;0,02;0,11;0,56;0,10;0,34;0,09;0,01;0,61;0,01;0,99;0,03;0,16;0,09;0,04;0,72;1,51;0,04;0,21;0,06;0,24;0,23;0,35;0,26;0,23;0,06;0,15;0,22;0,06;0,03;0,01;0,48;0,02;2,33;0,17;0,06;0,10;0,02;0,30;0,03;2,12;2,70;0,04;0,04;0,06;;;;;76,75636281
01/04/2014;93,22;2,80;25357;0,02;0,09;0,20;0,02;0,11;0,06;0,02;0,43;0,02;0,51;0,04;0,09;0,08;0,02;0,41;0,79;0,04;0,05;0,02;0,10;0,21;0,15;0,24;0,25;0,02;0,12;0,09;0,05;0,02;0,11;0,22;0,00;1,54;0,07;0,07;0,02;0,01;0,11;0,02;1,34;2,11;0,02;0,01;0,04;;;;;53,810899
01/05/2014;83,43;2,50;26575;0,00;0,06;0,13;0,04;0,12;0,06;0,00;0,46;0,02;0,51;0,03;0,16;0,04;0,02;0,36;0,73;0,02;0,03;0,01;0,10;0,19;0,12;0,15;0,10;0,03;0,02;0,04;0,03;0,01;0,04;0,09;0,00;1,04;0,09;0,03;0,12;0,03;0,16;0,02;0,88;1,80;0,03;0,02;0,05;;;;;57,33168541
01/06/2014;98,77;2,96;25216;0,00;0,05;0,23;0,04;0,13;0,05;0,01;0,22;0,03;0,42;0,03;0,15;0,07;0,02;0,44;0,96;0,01;0,02;0,02;0,12;0,23;0,08;0,07;0,11;0,05;0,02;0,07;0,03;0,01;0,02;0,09;0,00;0,82;0,30;0,04;0,02;0,02;0,29;0,00;0,65;2,13;0,02;0,02;0,04;;;;;27,87622915
01/07/2014;138,75;4,16;25494;0,02;0,25;0,40;0,08;0,19;0,04;0,01;0,57;0,02;0,87;0,01;0,62;0,08;0,03;0,86;1,42;0,03;0,03;0,05;0,15;1,14;0,20;0,17;0,14;0,04;0,97;0,45;0,06;0,02;0,04;0,09;0,02;1,85;0,13;0,06;0,05;0,07;0,26;0,02;1,60;2,92;0,04;0,02;0,05;;;;;71,01305386
01/08/2014;136,45;4,09;24166;0,07;0,22;0,19;0,06;0,24;0,04;0,01;0,40;0,01;0,81;0,02;0,64;0,13;0,03;0,69;1,29;0,05;0,05;0,03;0,16;0,96;0,27;0,23;0,11;0,04;0,24;0,16;0,13;0,05;0,05;0,18;0,09;1,49;0,20;0,03;0,04;0,03;0,38;0,01;1,36;2,80;0,01;0,04;0,04;;;;;49,49213427
01/09/2014;131,56;3,95;24912;0,03;0,21;0,24;0,04;0,24;0,04;0,01;0,45;0,02;0,61;0,06;0,22;0,07;0,02;0,83;1,54;0,07;0,04;0,03;0,14;0,26;0,25;0,16;0,07;0,04;0,10;0,10;0,05;0,04;0,06;0,23;0,02;1,51;0,53;0,02;0,01;0,03;0,54;0,01;1,34;2,91;0,00;0,02;0,05;;;;;55,30163295
01/10/2014;83,66;2,51;26302;0,00;0,06;0,10;0,02;0,22;0,03;0,00;0,24;0,01;0,38;0,04;0,16;0,08;0,04;0,29;1,01;0,09;0,02;0,01;0,13;0,23;0,13;0,08;0,07;0,03;0,03;0,04;0,04;0,01;0,03;0,05;0,02;0,48;0,16;0,07;0,01;0,03;0,39;0,02;0,35;1,77;0,02;0,02;0,04;;;;;29,1580413
01/11/2014;84,38;2,53;24853;0,02;0,18;0,07;0,02;0,14;0,04;0,00;0,37;0,03;0,40;0,01;0,11;0,04;0,02;0,39;0,99;0,03;0,01;0,01;0,15;0,39;0,08;0,14;0,08;0,06;0,08;0,07;0,02;0,00;0,02;0,04;0,01;0,78;0,22;0,02;0,02;0,03;0,22;0,00;0,42;1,76;0,03;0,01;0,03;;;;;46,03808917
01/12/2014;86,53;2,60;22965;0,01;0,18;0,11;0,02;0,15;0,03;0,01;0,25;0,04;0,26;0,02;0,14;0,08;0,03;0,26;0,81;0,03;0,02;0,05;0,20;0,19;0,08;0,10;0,10;0,05;0,06;0,06;0,07;0,03;0,05;0,07;0,01;0,73;0,20;0,04;0,04;0,04;0,17;0,01;0,50;1,78;0,09;0,03;0,06;;;;;30,94394747
01/01/2015;111,99;3,36;23877;0,09;0,09;0,26;0,03;0,18;0,11;0,00;0,29;0,00;0,57;0,07;0,14;0,17;0,02;1,59;1,11;0,02;0,01;0,02;0,22;0,52;0,15;0,22;0,12;0,05;0,03;0,06;0,04;0,00;0,04;0,03;0,03;0,64;0,26;0,06;0,01;0,06;0,28;0,02;0,37;2,10;0,06;0,01;0,05;;;;;35,21801312
01/02/2015;111,92;3,36;21924;0,05;0,15;0,22;0,02;0,28;0,06;0,00;0,32;0,03;0,86;0,15;0,26;0,15;0,02;1,08;1,09;0,02;0,08;0,02;0,12;0,51;0,17;0,20;0,12;0,04;0,02;0,03;0,05;0,00;0,03;0,15;0,00;1,36;0,21;0,02;0,02;0,02;0,26;0,02;1,14;2,42;0,04;0,01;0,05;;;;;39,26825687
01/03/2015;104,24;3,13;24277;0,02;0,03;0,13;0,02;0,16;0,37;0,00;0,40;0,01;0,63;0,04;0,39;0,07;0,02;0,57;0,95;0,01;0,01;0,00;0,13;0,86;0,05;0,09;0,11;0,04;0,01;0,05;0,05;0,00;0,00;0,03;0,00;0,79;0,53;0,02;0,02;0,05;0,26;0,01;0,38;2,50;0,05;0,02;0,05;;;;;48,21786099
01/04/2015;102,19;3,07;23523;0,02;0,09;0,09;0,05;0,17;0,23;0,01;0,50;0,06;0,46;0,02;0,25;0,07;0,02;0,54;0,78;0,03;0,02;0,03;0,19;0,62;0,24;0,19;0,20;0,05;0,04;0,05;0,03;0,00;0,04;0,07;0,01;0,82;0,70;0,05;0,02;0,03;0,21;0,02;0,26;2,44;0,06;0,03;0,03;;;;;60,28917485
01/05/2015;76,26;2,29;23389;0,01;0,05;0,07;0,02;0,12;0,02;0,00;0,30;0,05;0,25;0,04;0,20;0,04;0,01;0,34;0,56;0,01;0,03;0,03;0,11;0,20;0,07;0,14;0,13;0,06;0,06;0,04;0,04;0,00;0,05;0,05;0,00;0,45;0,50;0,05;0,03;0,01;0,16;0,03;0,19;1,67;0,02;0,03;0,05;;;;;35,34353489
01/06/2015;85,91;2,58;23092;0,02;0,09;0,15;0,02;0,19;0,12;0,00;0,32;0,01;0,45;0,03;0,10;0,09;0,01;0,52;0,74;0,02;0,06;0,03;0,10;0,31;0,17;0,11;0,15;0,04;0,03;0,05;0,03;0,00;0,02;0,11;0,02;0,71;0,31;0,06;0,01;0,16;0,24;0,03;0,34;1,91;0,02;0,01;0,07;;;;;38,1930285
01/07/2015;106,81;3,20;23099;0,03;0,08;0,12;0,05;0,10;0,09;0,03;0,73;0,03;0,61;0,02;0,17;0,06;0,01;0,71;1,10;0,02;0,05;0,03;0,19;0,73;0,14;0,13;0,11;0,10;0,04;0,06;0,03;0,00;0,04;0,01;0,02;0,82;0,45;0,02;0,05;0,23;0,42;0,01;0,17;2,45;0,01;0,02;0,06;;;;;86,24882277
01/08/2015;82,48;2,47;21222;0,00;0,05;0,11;0,02;0,06;0,02;0,01;0,44;0,01;0,30;0,03;0,16;0,11;0,01;0,41;0,71;0,01;0,01;0,00;0,10;0,53;0,10;0,13;0,13;0,03;0,05;0,12;0,05;0,00;0,02;0,04;0,01;0,60;0,17;0,01;0,06;0,03;0,35;0,02;0,16;1,86;0,03;0,01;0,03;;;;;52,46737888
01/09/2015;98,77;2,96;22988;0,02;0,07;0,14;0,03;0,14;0,04;0,02;0,42;0,02;0,53;0,07;0,17;0,09;0,04;0,57;1,06;0,03;0,22;0,03;0,07;0,51;0,15;0,10;0,12;0,09;0,04;0,08;0,06;0,00;0,02;0,09;0,04;1,07;0,40;0,13;0,03;0,04;0,56;0,02;0,45;2,29;0,02;0,03;0,06;;;;;49,27369936
01/10/2015;91,93;2,76;24661;0,00;0,06;0,19;0,03;0,08;0,01;0,02;0,28;0,01;0,35;0,01;0,13;0,06;0,01;0,40;1,01;0,02;0,04;0,00;0,09;0,36;0,07;0,09;0,06;0,02;0,05;0,05;0,06;0,01;0,05;0,04;0,02;1,20;0,34;0,01;0,00;0,03;0,55;0,01;0,36;2,04;0,01;0,02;0,02;;;;;32,39749034
01/11/2015;150,72;4,52;21900;0,03;0,13;0,60;0,05;0,30;0,05;0,02;0,49;0,05;0,72;0,05;0,67;0,11;0,02;2,80;1,58;0,05;0,07;0,02;0,21;0,25;0,19;0,15;0,11;0,14;0,15;0,19;0,05;0,02;0,11;0,13;0,07;1,67;0,33;0,11;0,03;0,11;1,05;0,01;0,32;3,17;0,06;0,04;0,05;;;;;57,08113905
01/12/2015;148,24;4,45;20332;0,01;0,10;0,31;0,09;0,20;0,09;0,03;0,47;0,02;0,54;0,08;0,25;0,10;0,02;2,06;1,30;0,05;0,08;0,02;0,27;0,31;0,17;0,17;0,11;0,13;0,02;0,07;0,07;0,03;0,02;0,08;0,04;0,97;0,43;0,07;0,03;0,06;0,64;0,05;0,17;3,35;0,07;0,03;0,06;;;;;54,39008283
01/01/2016;118,21;3,55;21576;0,01;0,11;0,19;0,11;0,24;0,13;0,01;0,70;0,00;0,48;0,07;0,18;0,06;0,01;1,01;1,02;0,05;0,06;0,13;0,22;0,27;0,17;0,28;0,48;0,07;0,06;0,09;0,02;0,01;0,02;0,05;0,01;0,70;0,50;0,13;0,03;0,06;0,38;0,06;0,11;2,51;0,03;0,01;0,07;;;;;80,61332133
01/02/2016;103,75;3,11;20438;0,01;0,06;0,24;0,01;0,20;0,07;0,01;0,50;0,01;0,66;0,04;0,10;0,08;0,01;0,63;0,95;0,04;0,04;0,01;0,08;0,17;0,12;0,21;0,36;0,11;0,03;0,06;0,04;0,01;0,02;0,07;0,01;1,19;0,42;0,08;0,02;0,07;0,71;0,02;0,22;2,25;0,02;0,00;0,04;;;;;57,77275098
01/03/2016;109,72;3,29;22091;0,03;0,05;0,97;0,09;0,21;0,08;0,00;0,51;0,03;0,48;0,03;0,17;0,11;0,01;0,87;0,97;0,02;0,05;0,02;0,15;0,21;0,13;0,24;0,43;0,18;0,02;0,19;0,04;0,02;0,05;0,05;0,02;0,78;0,24;0,06;0,00;0,06;0,57;0,03;0,18;2,45;0,02;0,01;0,05;;;;;58,99735607
01/04/2016;85,22;2,56;21517;0,04;0,06;0,46;0,04;0,14;0,04;0,00;0,36;0,02;0,31;0,03;0,13;0,05;0,01;0,73;0,90;0,04;0,01;0,02;0,13;0,18;0,15;0,25;0,26;0,08;0,04;0,08;0,04;0,00;0,06;0,07;0,03;0,78;0,28;0,04;0,00;0,03;0,32;0,01;0,20;2,01;0,02;0,02;0,01;;;;;41,66037244
01/05/2016;88,33;2,65;21967;0,03;0,05;0,36;0,05;0,18;0,03;0,01;0,45;0,01;0,40;0,01;0,31;0,07;0,02;0,79;1,01;0,02;0,02;0,03;0,08;0,14;0,18;0,24;0,25;0,10;0,03;0,06;0,03;0,00;0,10;0,09;0,05;0,66;0,25;0,02;0,03;0,08;0,31;0,02;0,14;1,92;0,03;0,06;0,02;;;;;51,00692874
01/06/2016;90,17;2,70;21187;0,01;0,08;0,38;0,01;0,17;0,03;0,02;0,30;0,01;0,36;0,05;0,13;0,11;0,02;0,66;1,04;0,01;0,03;0,03;0,11;0,20;0,17;0,15;0,17;0,07;0,03;0,08;0,11;0,00;0,05;0,09;0,05;0,54;0,17;0,05;0,02;0,06;0,47;0,01;0,11;1,77;0,05;0,02;0,03;;;;;34,38655996
01/07/2016;114,61;3,44;20363;0,03;0,10;0,38;0,04;0,25;0,04;0,00;0,38;0,02;0,65;0,03;0,18;0,17;0,04;1,07;1,09;0,04;0,05;0,03;0,28;0,28;0,20;0,27;0,27;0,08;0,05;0,11;0,05;0,00;0,08;0,28;0,04;0,76;0,19;0,04;0,03;0,17;0,82;0,03;0,18;2,46;0,02;0,01;0,03;;;;;42,79249262
01/08/2016;98,74;2,96;19348;0,03;0,06;0,21;0,02;0,21;0,08;0,01;0,29;0,04;0,35;0,02;0,11;0,10;0,03;0,67;0,75;0,02;0,02;0,03;0,13;0,10;0,14;0,14;0,15;0,05;0,03;0,07;0,03;0,01;0,05;0,06;0,01;0,94;0,20;0,05;0,04;0,02;0,60;0,01;0,25;2,15;0,02;0,04;0,04;;;;;32,58500483
01/09/2016;104,55;3,14;19836;0,01;0,14;0,14;0,02;0,15;0,03;0,01;0,58;0,04;0,27;0,02;0,11;0,06;0,01;0,60;0,85;0,04;0,04;0,04;0,18;0,16;0,07;0,31;0,44;0,15;0,06;0,09;0,05;0,02;0,11;0,04;0,01;1,05;0,32;0,03;0,05;0,03;0,47;0,02;0,15;2,61;0,01;0,05;0,03;;;;;65,43226303
01/10/2016;85,75;2,57;20374;0,02;0,04;0,27;0,03;0,15;0,12;0,01;0,27;0,15;0,35;0,03;0,13;0,14;0,03;0,64;0,78;0,02;0,05;0,00;0,17;0,10;0,12;0,09;0,11;0,11;0,01;0,07;0,06;0,01;0,05;0,08;0,02;1,00;0,29;0,03;0,02;0,02;0,41;0,01;0,25;2,00;0,04;0,02;0,03;;;;;29,56090208
01/11/2016;82,92;2,49;19501;0,02;0,07;0,12;0,03;0,14;0,03;0,01;0,48;0,05;0,41;0,03;0,05;0,06;0,01;0,63;0,72;0,05;0,07;0,06;0,12;0,10;0,12;0,26;0,24;0,18;0,04;0,06;0,02;0,07;0,08;0,13;0,04;0,98;0,15;0,02;0,02;0,01;0,31;0,02;0,26;1,92;0,03;0,04;0,03;;;;;52,84168553
01/12/2016;102,18;3,06;18631;0,02;0,06;0,23;0,05;0,16;0,04;0,01;0,59;0,03;0,69;0,02;0,19;0,05;0,01;0,69;0,72;0,01;0,04;0,05;0,16;0,25;0,21;0,17;0,31;0,11;0,04;0,09;0,05;0,01;0,07;0,13;0,03;1,26;0,23;0,05;0,00;0,12;0,59;0,16;0,26;2,30;0,05;0,02;0,03;;;;;64,53763964
01/01/2017;105,20;3,16;19744;0,01;0,13;0,17;0,07;0,23;0,08;0,02;0,64;0,03;0,46;0,01;0,20;0,04;0,02;0,55;0,82;0,04;0,04;0,04;0,18;0,33;0,11;0,19;0,34;0,21;0,05;0,08;0,03;0,03;0,09;0,05;0,03;1,24;0,28;0,05;0,01;0,10;0,55;0,10;0,33;2,57;0,02;0,04;0,05;;;;;70,71751922
01/02/2017;114,21;3,43;18158;0,01;0,18;0,25;0,02;0,24;0,05;0,01;0,72;0,01;0,62;0,02;0,13;0,08;0,02;0,53;0,90;0,05;0,06;0,04;0,17;0,41;0,13;0,56;0,62;0,29;0,13;0,09;0,02;0,01;0,06;0,12;0,02;1,08;0,28;0,10;0,01;0,02;0,32;0,11;0,41;3,02;0,04;0,04;0,04;;;;;79,09347278
01/03/2017;96,64;2,90;20804;0,00;0,04;0,20;0,01;0,16;0,03;0,00;0,63;0,01;0,33;0,03;0,15;0,04;0,02;0,44;0,93;0,06;0,01;0,03;0,14;0,14;0,08;0,39;0,57;0,12;0,16;0,12;0,02;0,00;0,04;0,06;0,01;0,79;0,20;0,08;0,02;0,05;0,32;0,10;0,22;2,14;0,01;0,02;0,05;;;;;68,89396715
01/04/2017;119,46;3,58;19034;0,02;0,15;0,21;0,05;0,21;0,04;0,00;1,08;0,01;0,46;0,02;0,23;0,07;0,02;0,76;0,84;0,05;0,02;0,05;0,15;0,21;0,19;0,45;0,99;0,08;0,05;0,10;0,02;0,01;0,04;0,03;0,02;1,44;0,18;0,07;0,02;0,02;0,49;0,07;0,21;3,08;0,06;0,03;0,04;;;;;117,4784263
01/05/2017;102,58;3,08;19696;0,02;0,13;0,26;0,03;0,16;0,06;0,00;0,69;0,04;0,49;0,03;0,20;0,07;0,03;0,60;1,00;0,02;0,02;0,05;0,09;0,33;0,18;0,32;0,75;0,09;0,08;0,09;0,04;0,01;0,20;0,05;0,01;0,87;0,45;0,06;0,08;0,05;0,29;0,06;0,16;2,52;0,07;0,04;0,01;;;;;75,44794769
01/06/2017;126,79;3,80;19380;0,00;0,19;0,21;0,03;0,27;0,02;0,02;0,54;0,01;0,50;0,03;0,43;0,09;0,02;0,74;1,57;0,04;0,03;0,06;0,23;0,18;0,18;0,19;0,42;0,11;0,06;0,07;0,06;0,01;0,14;0,09;0,02;0,83;0,74;0,07;0,03;0,04;0,42;0,03;0,17;2,86;0,04;0,01;0,04;;;;;59,05505818
01/07/2017;102,81;3,08;18873;0,01;0,05;0,16;0,02;0,12;0,03;0,01;0,91;0,04;0,72;0,01;0,26;0,07;0,01;0,53;0,69;0,03;0,04;0,03;0,14;0,28;0,10;0,43;1,06;0,13;0,03;0,05;0,02;0,01;0,06;0,28;0,02;1,37;0,35;0,05;0,02;0,02;0,35;0,14;0,39;2,62;0,12;0,01;0,04;;;;;98,35224428
01/08/2017;138,53;4,16;18724;0,04;0,24;0,21;0,06;0,21;0,06;0,05;1,26;0,12;0,45;0,04;0,12;0,45;0,07;0,58;0,97;0,06;0,03;0,02;0,18;0,14;0,14;0,85;1,82;0,14;0,03;0,05;0,05;0,03;0,21;0,06;0,06;1,08;0,21;0,10;0,03;0,04;0,28;0,04;0,19;3,56;0,30;0,03;0,04;;;;;136,2151143
01/09/2017;115,53;3,47;20027;0,01;0,08;0,11;0,08;0,22;0,08;0,01;1,22;0,01;0,49;0,02;0,11;0,12;0,01;0,64;1,15;0,10;0,02;0,06;0,28;0,27;0,12;0,75;1,61;0,16;0,07;0,08;0,03;0,03;0,04;0,05;0,01;1,18;0,13;0,07;0,02;0,01;0,23;0,03;0,19;2,88;0,16;0,01;0,09;;;;;132,7255323
01/10/2017;91,46;2,74;24642;0,00;0,08;0,20;0,03;0,23;0,04;0,02;0,60;0,01;0,57;0,03;0,11;0,16;0,01;0,58;0,98;0,05;0,01;0,01;0,12;0,16;0,08;0,26;0,67;0,13;0,03;0,05;0,08;0,02;0,11;0,02;0,03;0,74;0,23;0,03;0,02;0,02;0,32;0,01;0,11;2,10;0,01;0,04;0,04;;;;;66,09580315
01/11/2017;92,60;2,78;23764;0,06;0,03;0,10;0,03;0,13;0,01;0,00;0,75;0,01;0,30;0,03;0,23;0,11;0,02;0,34;0,50;0,03;0,03;0,00;0,16;0,24;0,11;0,42;0,77;0,05;0,05;0,09;0,05;0,00;0,17;0,05;0,04;0,63;0,61;0,04;0,03;0,05;0,19;0,07;0,10;2,18;0,07;0,03;0,07;;;;;82,04457226
01/12/2017;82,72;2,48;21886;0,02;0,11;0,12;0,04;0,16;0,04;0,00;0,73;0,03;0,25;0,00;0,15;0,05;0,00;0,31;0,63;0,10;0,03;0,03;0,06;0,39;0,05;0,33;0,90;0,09;0,08;0,05;0,08;0,01;0,02;0,05;0,01;0,79;0,25;0,05;0,01;0,03;0,15;0,04;0,15;2,00;0,05;0,01;0,02;;;;;79,47695355
01/01/2018;92,43;2,77;23050;0,00;0,09;0,19;0,05;0,16;0,07;0,02;0,69;0,03;0,43;0,03;0,11;0,06;0,01;0,45;0,72;0,05;0,04;0,04;0,18;0,28;0,10;0,25;0,72;0,09;0,04;0,09;0,05;0,02;0,05;0,10;0,00;1,03;0,31;0,09;0,04;0,02;0,43;0,04;0,10;2,20;0,10;0,03;0,04;;;;;74,35606692
01/02/2018;64,49;1,93;21506;0,02;0,03;0,22;0,04;0,07;0,02;0,01;0,29;0,02;0,30;0,02;0,08;0,04;0,00;0,31;0,67;0,01;0,01;0,00;0,08;0,25;0,10;0,13;0,38;0,05;0,01;0,03;0,02;0,01;0,01;0,06;0,00;0,74;0,14;0,06;0,05;0,02;0,41;0,02;0,11;1,59;0,03;0,01;0,00;;;;;31,68854696
01/03/2018;111,96;3,36;24954;0,03;0,15;0,24;0,11;0,34;0,16;0,03;0,95;0,03;0,70;0,03;0,15;0,05;0,04;0,66;1,55;0,07;0,04;0,04;0,13;0,23;0,17;0,48;0,98;0,17;0,10;0,07;0,07;0,03;0,06;0,18;0,04;1,42;0,25;0,09;0,03;0,03;0,23;0,06;0,30;2,75;0,06;0,03;0,04;;;;;101,5418978
01/04/2018;123,26;3,70;23153;0,01;0,05;0,17;0,04;0,16;0,14;0,00;1,11;0,01;0,55;0,01;0,11;0,02;0,00;1,02;1,66;0,17;0,00;0,01;0,15;0,64;0,06;0,33;0,92;0,12;0,03;0,03;0,00;0,02;0,02;0,03;0,02;1,77;0,44;0,05;0,02;0,01;0,39;0,05;0,21;3,36;0,11;0,01;0,02;;;;;118,7354859
01/05/2018;125,67;3,77;23798;0,10;0,15;0,36;0,05;0,26;0,11;0,02;1,52;0,03;0,92;0,06;0,13;0,10;0,02;0,98;1,37;0,08;0,02;0,05;0,29;0,97;0,17;0,57;1,32;0,11;0,07;0,11;0,01;0,02;0,07;0,05;0,00;1,26;0,51;0,03;0,01;0,00;0,21;0,05;0,13;3,32;0,17;0,03;0,07;;;;;163,6934044
01/06/2018;103,97;3,12;24211;0,05;0,09;0,29;0,11;0,57;0,09;0,00;1,17;0,03;0,56;0,03;0,07;0,13;0,06;0,66;1,06;0,07;0,04;0,08;0,16;0,23;0,25;0,55;0,95;0,29;0,07;0,07;0,05;0,02;0,07;0,03;0,03;0,89;0,27;0,05;0,03;0,00;0,19;0,07;0,14;2,62;0,10;0,03;0,09;;;;;126,7043565
01/07/2018;110,03;3,30;23423;0,07;0,11;0,58;0,06;0,39;0,09;0,01;1,02;0,03;0,67;0,07;0,07;0,06;0,50;0,51;1,11;0,03;0,06;0,03;0,18;0,34;0,15;0,38;0,67;0,11;0,02;0,05;0,04;0,01;0,00;0,10;0,01;1,14;0,20;0,08;0,04;0,01;0,24;0,00;0,27;2,69;0,06;0,05;0,04;;;;;111,4093593
01/08/2018;112,74;3,38;22327;0,14;0,10;0,15;0,08;0,28;0,06;0,04;0,96;0,05;0,45;0,03;0,12;0,08;0,15;0,34;1,17;0,09;0,00;0,04;0,15;0,30;0,17;0,28;0,69;0,15;0,04;0,10;0,01;0,01;0,04;0,02;0,02;1,16;0,37;0,02;0,04;0,00;0,63;0,02;0,13;2,81;0,07;0,03;0,24;;;;;104,8425557
01/09/2018;75,05;2,25;23810;0,05;0,04;0,08;0,04;0,26;0,02;0,04;0,77;0,08;0,24;0,04;0,06;0,05;0,01;0,33;0,68;0,06;0,04;0,01;0,16;0,16;0,15;0,16;0,39;0,08;0,02;0,07;0,03;0,05;0,02;0,03;0,01;0,82;0,12;0,01;0,03;0,00;0,29;0,05;0,13;1,82;0,13;0,01;0,02;;;;;84,18513725
01/10/2018;92,02;2,76;24276;0,07;0,07;0,19;0,06;0,24;0,04;0,02;1,04;0,01;0,49;0,05;0,13;0,08;0,10;0,54;0,85;0,09;0,02;0,05;0,21;0,30;0,22;0,32;0,42;0,19;0,03;0,11;0,07;0,00;0,06;0,07;0,02;1,01;0,66;0,11;0,06;0,02;0,54;0,12;0,12;2,39;0,07;0,01;0,03;;;;;112,871306
01/11/2018;80,41;2,41;23593;0,26;0,08;0,19;0,04;0,17;0,06;0,03;0,67;0,01;0,36;0,04;0,17;0,07;0,05;0,53;0,93;0,07;0,06;0,01;0,18;0,24;0,22;0,21;0,35;0,14;0,01;0,06;0,04;0,01;0,03;0,13;0,00;0,83;0,65;0,09;0,00;0,03;0,50;0,05;0,31;1,95;0,06;0,02;0,02;;;;;72,46872656
01/12/2018;90,61;2,72;21305;0,14;0,17;0,27;0,01;0,45;0,07;0,01;0,82;0,01;0,38;0,08;0,06;0,03;0,04;0,38;1,06;0,17;0,02;0,00;0,08;0,28;0,07;0,23;0,37;0,16;0,00;0,07;0,05;0,01;0,01;0,08;0,02;0,93;0,37;0,14;0,01;0,01;0,50;0,05;0,29;2,23;0,03;0,01;0,02;;;;;88,64334769
01/01/2019;87,42;2,62;23530;0,06;0,15;0,21;0,18;0,41;0,06;0,04;0,93;0,17;0,37;0,10;0,17;0,10;0,04;0,36;0,78;0,07;0,04;0,04;0,09;0,24;0,10;0,16;0,46;0,18;0,02;0,11;0,06;0,08;0,03;0,14;0,00;1,00;0,31;0,03;0,04;0,00;0,41;0,03;0,12;2,25;0,33;0,05;0,04;;;;;100,4163714
01/02/2019;96,80;2,90;21182;0,04;0,07;0,33;0,21;0,29;0,02;0,05;1,07;0,34;0,58;0,07;0,03;0,18;0,03;0,62;1,02;0,04;0,06;0,02;0,36;0,24;0,18;0,14;0,51;0,24;0,00;0,15;0,04;0,13;0,02;0,23;0,03;1,06;0,27;0,04;0,03;0,00;0,30;0,01;0,09;2,43;0,52;0,11;0,01;;;;;116,1586179
01/03/2019;82,33;2,47;23974;0,04;0,19;0,18;0,11;0,13;0,03;0,03;0,77;0,12;0,31;0,03;0,05;0,06;0,01;0,33;0,71;0,04;0,03;0,03;0,31;0,15;0,13;0,10;0,55;0,08;0,03;0,11;0,05;0,02;0,06;0,05;0,02;0,56;0,24;0,04;0,01;0,01;0,26;0,05;0,05;1,88;0,19;0,10;0,02;;;;;83,81331422
01/04/2019;79,25;2,38;22338;0,03;0,12;0,08;0,03;0,17;0,02;0,01;0,56;0,04;0,26;0,03;0,29;0,08;0,01;0,51;0,81;0,04;0,01;0,04;0,35;0,24;0,21;0,28;0,41;0,13;0,01;0,05;0,03;0,02;0,04;0,02;0,03;0,81;0,33;0,07;0,01;0,05;0,26;0,04;0,15;1,94;0,19;0,06;0,03;;;;;60,65228626
01/05/2019;106,47;3,19;23266;0,08;0,16;0,18;0,11;0,28;0,06;0,03;1,17;0,09;0,55;0,01;0,14;0,12;0,07;0,51;1,31;0,15;0,04;0,16;0,26;0,30;0,09;0,45;0,55;0,10;0,06;0,07;0,12;0,05;0,07;0,03;0,02;0,97;0,58;0,04;0,06;0,01;0,32;0,06;0,09;2,78;0,41;0,08;0,02;;;;;126,5344433
01/06/2019;106,59;3,20;23178;0,01;0,11;0,19;0,03;0,28;0,06;0,03;1,29;0,01;0,63;0,03;0,09;0,07;0,02;0,54;0,99;0,16;0,04;0,04;0,21;0,38;0,16;0,79;0,42;0,35;0,08;0,08;0,25;0,02;0,07;0,04;0,03;0,90;0,71;0,08;0,06;0,00;0,28;0,09;0,11;2,87;0,15;0,04;0,05;;;;;140,0657838
01/07/2019;93,52;2,81;22602;0,00;0,15;0,19;0,03;0,20;0,04;0,00;0,76;0,06;0,52;0,01;0,16;0,10;0,02;0,58;1,23;0,11;0,01;0,03;0,17;0,18;0,10;0,33;0,36;0,10;0,02;0,04;0,08;0,00;0,04;0,02;0,01;0,80;0,33;0,06;0,04;0,00;0,34;0,06;0,09;2,38;0,11;0,08;0,03;;;;;82,31183178
01/08/2019;103,40;3,10;22602;0,07;0,19;0,15;0,13;0,23;0,03;0,01;1,22;0,01;0,58;0,03;0,06;0,06;0,04;0,50;1,15;0,41;0,02;0,01;0,35;0,28;0,16;0,43;0,48;0,13;0,00;0,03;0,14;0,02;0,05;0,07;0,03;0,84;0,25;0,05;0,11;0,00;0,15;0,08;0,15;2,75;0,14;0,03;0,04;;;;;132,0571757
01/09/2019;90,37;2,71;22579;0,03;0,11;0,10;0,04;0,16;0,06;0,03;0,73;0,06;0,41;0,04;0,11;0,06;0,06;0,58;0,96;0,13;0,02;0,01;0,16;0,33;0,13;0,24;0,33;0,07;0,02;0,09;0,08;0,01;0,01;0,11;0,00;0,58;0,90;0,08;0,00;0,00;0,22;0,04;0,19;2,33;0,14;0,06;0,03;;;;;79,18203684
01/10/2019;97,84;2,93;23786;0,05;0,09;0,19;0,13;0,09;0,08;0,05;0,67;0,00;0,36;0,01;0,07;0,08;0,03;0,53;1,10;0,13;0,02;0,04;0,17;0,17;0,08;0,27;0,24;0,09;0,00;0,05;0,08;0,03;0,04;0,03;0,00;1,07;0,42;0,07;0,00;0,00;1,18;0,04;0,22;2,47;0,10;0,03;0,03;;;;;73,11932797
01/11/2019;73,08;2,19;22720;0,02;0,11;0,07;0,09;0,18;0,07;0,04;0,60;0,01;0,31;0,07;0,10;0,10;0,00;0,34;0,81;0,30;0,06;0,00;0,08;0,18;0,07;0,18;0,17;0,18;0,00;0,06;0,05;0,02;0,02;0,06;0,00;0,47;0,11;0,07;0,02;0,01;0,27;0,05;0,15;1,74;0,08;0,04;0,03;;;;;65,2987288
01/12/2019;74,28;2,23;20602;0,02;0,11;0,12;0,10;0,16;0,04;0,02;0,60;0,02;0,27;0,01;0,18;0,05;0,01;0,43;0,81;0,10;0,02;0,01;0,09;0,18;0,10;0,16;0,27;0,08;0,03;0,09;0,03;0,02;0,01;0,05;0,00;0,58;0,30;0,07;0,04;0,02;0,30;0,02;0,18;1,72;0,04;0,05;0,01;;;;;64,8570452
01/01/2020;138,42;4,15;22665;0,02;0,19;0,30;0,05;0,38;0,12;0,02;1,26;0,04;1,02;0,00;0,28;0,05;0,04;1,04;1,69;0,17;0,02;0,04;0,18;0,43;0,23;0,30;0,39;0,06;0,04;0,17;0,04;0,03;0,04;0,08;0,02;1,18;0,80;0,10;0,03;0,00;0,53;0,08;0,48;3,62;0,14;0,05;0,01;;;;;134,8117355
01/02/2020;75,96;2,28;22430;0,02;0,08;0,11;0,03;0,20;0,10;0,00;0,87;0,06;0,49;0,04;0,15;0,11;0,03;0,41;0,82;0,13;0,02;0,03;0,21;0,11;0,22;0,26;0,20;0,04;0,04;0,06;0,10;0,01;0,06;0,03;0,00;0,66;0,18;0,06;0,04;0,00;0,46;0,06;0,14;1,52;0,11;0,02;0,05;;;;;94,16604994
01/03/2020;81,54;2,45;23388;0,03;0,12;0,15;0,07;0,21;0,03;0,03;0,67;0,06;0,32;0,02;0,10;0,18;0,01;0,33;0,84;0,06;0,02;0,03;0,12;0,11;0,47;0,18;0,27;0,14;0,02;0,11;0,06;0,04;0,04;0,02;0,03;0,43;0,08;0,02;0,03;0,00;0,33;0,03;0,04;1,71;0,11;0,04;0,03;;;;;72,27634068
01/04/2020;69,34;2,08;21541;0,02;0,07;0,06;0,09;0,11;0,07;0,00;0,60;0,05;0,26;0,04;0,06;0,14;0,03;0,32;0,61;0,06;0,02;0,05;0,12;0,06;0,18;0,11;0,12;0,13;0,01;0,06;0,04;0,02;0,06;0,06;0,01;0,35;0,13;0,02;0,02;0,00;0,06;0,06;0,08;1,53;0,05;0,03;0,04;;;;;64,70630727
01/05/2020;68,51;2,05;22192;0,01;0,14;0,09;0,04;0,14;0,03;0,00;0,76;0,10;0,32;0,00;0,09;0,09;0,01;0,20;0,60;0,40;0,02;0,03;0,15;0,05;0,12;0,14;0,19;0,06;0,02;0,05;0,00;0,01;0,01;0,05;0,01;0,29;0,08;0,02;0,04;0,00;0,11;0,11;0,05;1,71;0,16;0,04;0,01;;;;;81,20964982
01/06/2020;71,23;2,14;21672;0,01;0,11;0,08;0,08;0,14;0,03;0,00;0,77;0,00;0,27;0,01;0,12;0,04;0,02;0,25;0,66;0,28;0,03;0,02;0,32;0,16;0,07;0,15;0,27;0,09;0,04;0,05;0,06;0,01;0,05;0,03;0,02;0,49;0,06;0,03;0,03;0,01;0,12;0,12;0,08;1,65;0,07;0,04;0,08;;;;;81,93352602
01/07/2020;66,47;1,99;22219;0,01;0,27;0,13;0,02;0,25;0,06;0,01;0,93;0,01;0,21;0,04;0,11;0,07;0,03;0,30;0,66;0,48;0,03;0,03;0,23;0,09;0,11;0,29;0,27;0,06;0,03;0,04;0,05;0,02;0,06;0,03;0,01;0,40;0,09;0,06;0,01;0,00;0,16;0,18;0,09;1,54;0,03;0,02;0,02;;;;;98,29767147
01/08/2020;65,47;1,96;22459;0,00;0,08;0,15;0,05;0,10;0,03;0,00;0,66;0,01;0,44;0,00;0,09;0,09;0,02;0,45;0,58;0,27;0,04;0,03;0,10;0,17;0,10;0,21;0,17;0,09;0,02;0,08;0,01;0,01;0,02;0,16;0,00;0,51;0,13;0,02;0,07;0,01;0,16;0,08;0,14;1,46;0,06;0,00;0,03;;;;;70,3197232
01/09/2020;80,38;2,41;22316;0,01;0,14;0,24;0,01;0,17;0,05;0,00;0,86;0,00;0,63;0,02;0,13;0,05;0,04;0,53;0,73;0,21;0,02;0,01;0,22;0,24;0,12;0,18;0,20;0,07;0,03;0,15;0,01;0,01;0,04;0,08;0,02;0,93;0,10;0,08;0,02;0,01;0,40;0,17;0,27;1,70;0,08;0,00;0,03;;;;;90,75241323
01/10/2020;76,08;2,28;23707;0,04;0,07;0,17;0,03;0,18;0,00;0,02;0,65;0,02;0,40;0,03;0,09;0,07;0,06;0,57;0,66;0,16;0,03;0,00;0,12;0,20;0,12;0,11;0,13;0,09;0,01;0,05;0,03;0,00;0,01;0,09;0,00;0,85;0,11;0,12;0,01;0,01;0,53;0,11;0,08;1,66;0,03;0,01;0,00;;;;;68,41456503
01/11/2020;70,07;2,10;21793;0,01;0,09;0,16;0,04;0,12;0,05;0,00;0,42;0,02;0,33;0,04;0,09;0,10;0,01;0,50;0,64;0,10;0,05;0,00;0,18;0,28;0,12;0,11;0,14;0,09;0,01;0,07;0,04;0,01;0,03;0,06;0,01;0,45;0,14;0,03;0,01;0,06;0,19;0,07;0,12;1,31;0,06;0,02;0,08;;;;;43,74315018
01/12/2020;64,07;1,92;21180;0,01;0,10;0,20;0,03;0,13;0,00;0,00;0,59;0,03;0,40;0,03;0,11;0,09;0,01;0,51;0,44;0,18;0,01;0,02;0,12;0,32;0,08;0,09;0,19;0,02;0,01;0,05;0,04;0,01;0,03;0,03;0,01;0,58;0,22;0,06;0,00;0,02;0,22;0,06;0,04;1,44;0,09;0,00;0,04;;;;;61,72173606
01/01/2021;77,42;2,32;22609;0,01;0,10;0,10;0,10;0,12;0,03;0,02;0,77;0,04;0,29;0,04;0,13;0,05;0,00;0,29;0,56;0,31;0,02;0,01;0,12;0,17;0,05;0,12;0,28;0,07;0,00;0,02;0,01;0,03;0,02;0,10;0,00;0,59;0,20;0,01;0,00;0,03;0,15;0,23;0,15;1,90;0,09;0,04;0,05;;;;;79,77071853
01/02/2021;73,96;2,22;20692;0,00;0,12;0,18;0,03;0,15;0,01;0,00;0,72;0,00;0,40;0,03;0,05;0,03;0,02;0,44;0,71;0,14;0,02;0,06;0,14;0,14;0,13;0,21;0,18;0,08;0,04;0,07;0,10;0,00;0,03;0,05;0,00;0,51;0,20;0,05;0,14;0,00;0,14;0,07;0,06;1,58;0,02;0,07;0,04;;;;;73,44801145
01/03/2021;78,62;2,36;22900;0,03;0,20;0,11;0,04;0,18;0,04;0,00;0,84;0,02;0,37;0,02;0,07;0,07;0,03;0,48;0,73;0,23;0,03;0,05;0,31;0,14;0,15;0,38;0,33;0,07;0,03;0,05;0,04;0,00;0,03;0,04;0,02;0,63;0,23;0,05;0,10;0,01;0,21;0,14;0,10;1,76;0,04;0,01;0,10;;;;;85,68306117
01/04/2021;88,17;2,64;21479;0,02;0,14;0,23;0,06;0,18;0,02;0,01;0,74;0,01;0,47;0,05;0,05;0,06;0,07;0,57;0,80;0,13;0,03;0,04;0,18;0,23;0,10;0,27;0,19;0,05;0,07;0,03;0,04;0,00;0,05;0,08;0,03;1,20;0,08;0,07;0,04;0,01;0,20;0,20;0,72;1,98;0,03;0,10;0,07;;;;;74,97601011
01/05/2021;93,01;2,79;22010;0,01;0,16;0,26;0,04;0,24;0,10;0,03;0,64;0,01;0,53;0,05;0,35;0,03;0,03;0,51;0,89;0,08;0,07;0,03;0,31;0,87;0,09;0,20;0,26;0,05;0,07;0,06;0,15;0,00;0,02;0,22;0,06;0,83;0,09;0,11;0,06;0,01;0,14;0,11;0,33;2,02;0,02;0,05;0,04;;;;;64,52701583
01/06/2021;74,13;2,22;21544;0,00;0,15;0,36;0,04;0,18;0,08;0,00;0,73;0,01;0,39;0,02;0,13;0,09;0,07;0,49;0,73;0,14;0,02;0,01;0,19;0,20;0,12;0,16;0,20;0,04;0,01;0,09;0,03;0,02;0,01;0,12;0,02;0,83;0,10;0,02;0,04;0,01;0,19;0,15;0,29;1,70;0,02;0,03;0,05;;;;;73,42675451
01/07/2021;58,42;1,75;22314;0,02;0,07;0,11;0,01;0,13;0,04;0,00;0,52;0,02;0,22;0,03;0,06;0,02;0,01;0,21;0,54;0,09;0,00;0,00;0,17;0,17;0,11;0,14;0,18;0,05;0,01;0,08;0,04;0,01;0,04;0,06;0,00;0,49;0,06;0,01;0,01;0,03;0,13;0,12;0,14;1,25;0,04;0,05;0,04;;;;;52,55722944
01/08/2021;89,49;2,68;20715;0,02;0,06;0,15;0,02;0,17;0,05;0,00;0,59;0,03;0,44;0,07;0,12;0,08;0,01;0,36;0,96;0,06;0,06;0,03;0,14;0,28;0,09;0,14;0,19;0,06;0,00;0,07;0,09;0,04;0,00;0,13;0,00;0,69;0,06;0,08;0,00;0,02;0,25;0,12;0,13;2,15;0,07;0,21;0,03;;;;;58,47867608
01/09/2021;80,70;2,42;21360;0,00;0,45;0,12;0,09;0,21;0,01;0,01;0,84;0,02;0,23;0,03;0,07;0,08;0,02;0,64;1,03;0,15;0,07;0,02;0,43;0,14;0,06;0,39;0,27;0,08;0,02;0,07;0,06;0,00;0,02;0,08;0,00;0,60;0,10;0,03;0,03;0,01;0,13;0,20;0,07;1,92;0,04;0,09;0,02;;;;;82,51061343
01/10/2021;79,03;2,37;22317;0,02;0,22;0,23;0,01;0,15;0,09;0,00;0,76;0,02;0,30;0,03;0,11;0,09;0,01;0,42;0,70;0,09;0,04;0,01;0,26;0,16;0,06;0,20;0,20;0,05;0,01;0,08;0,09;0,01;0,04;0,13;0,00;0,55;0,10;0,05;0,01;0,00;0,25;0,31;0,11;1,64;0,03;0,03;0,04;;;;;74,72942038
01/11/2021;86,57;2,60;21105;0,02;0,26;0,39;0,01;0,18;0,05;0,01;0,80;0,01;0,72;0,02;0,08;0,04;0,01;0,63;1,00;0,15;0,05;0,00;0,16;0,24;0,21;0,16;0,17;0,07;0,02;0,13;0,06;0,02;0,02;0,58;0,00;1,21;0,13;0,03;0,03;0,00;0,36;0,23;0,57;1,86;0,05;0,02;0,09;;;;;77,67363361
01/12/2021;105,35;3,16;20255;0,00;0,13;0,45;0,01;0,21;0,02;0,00;0,86;0,01;0,86;0,05;0,05;0,03;0,04;0,69;1,18;0,17;0,06;0,01;0,15;0,27;0,32;0,24;0,16;0,06;0,02;0,11;0,12;0,01;0,02;0,26;0,00;1,72;0,15;0,15;0,08;0,00;0,16;0,34;1,50;2,48;0,05;0,03;0,06;;;;;83,8982168
01/01/2022;138,67;4,16;20628;0,01;0,21;0,88;0,12;0,33;0,11;0,07;0,80;0,02;1,24;0,11;0,06;0,17;0,18;1,12;1,72;0,15;0,11;0,01;0,22;0,14;0,33;0,25;0,33;0,08;0,01;0,25;0,16;0,05;0,04;0,63;0,00;2,78;0,22;0,11;0,02;0,00;0,19;0,21;2,59;3,32;0,09;0,05;0,07;;;;;76,92764678
01/02/2022;216,16;6,48;19866;0,04;0,36;0,82;0,19;0,77;0,10;0,04;1,50;0,01;2,57;0,15;0,09;0,14;0,36;1,76;2,90;0,19;0,37;0,06;0,17;0,16;0,49;0,60;0,32;0,05;0,05;0,25;0,24;0,01;0,03;1,22;0,07;5,40;0,18;0,24;0,03;0,01;0,31;0,26;5,01;4,88;0,04;0,08;0,06;;;;;144,387689
01/03/2022;318,95;9,57;20770;0,13;0,52;1,02;0,13;0,91;0,22;0,03;2,47;0,02;2,66;0,13;0,25;0,26;0,29;1,98;3,91;0,35;0,58;0,10;0,47;0,60;0,65;0,70;0,72;0,11;0,07;0,39;0,47;0,04;0,06;2,10;0,03;8,80;0,46;0,27;0,05;0,02;0,88;0,37;8,70;6,90;0,25;0,07;0,10;;;;;240,6896152
01/04/2022;191,14;5,73;17146;0,06;0,33;0,64;0,09;0,41;0,08;0,04;1,13;0,03;1,67;0,08;0,12;0,22;0,21;0,92;2,40;0,12;0,29;0,05;0,41;0,31;0,38;0,27;0,30;0,15;0,02;0,22;0,13;0,05;0,01;1,12;0,03;4,83;0,13;0,27;0,02;0,02;0,43;0,12;4,90;3,97;0,05;0,09;0,08;;;;;113,2719149
01/05/2022;142,26;4,27;17671;0,01;0,25;0,36;0,05;0,29;0,17;0,01;1,01;0,02;1,05;0,12;0,14;0,14;0,55;0,72;1,69;0,14;0,34;0,09;0,35;0,21;0,35;0,49;0,42;0,10;0,02;0,09;0,08;0,01;0,04;0,61;0,02;3,19;0,05;0,55;0,03;0,03;0,41;0,33;3,19;3,15;0,06;0,07;0,05;;;;;101,6938709
01/06/2022;130,71;3,92;16988;0,04;0,15;0,47;0,08;0,39;0,08;0,02;0,85;0,02;1,28;0,07;0,17;0,42;0,47;0,92;1,61;0,12;0,13;0,07;0,38;0,23;0,57;0,34;0,29;0,07;0,04;0,19;0,08;0,06;0,04;0,53;0,03;3,03;0,19;0,41;0,04;0,02;0,56;0,16;3,05;2,88;0,06;0,07;0,06;;;;;86,2076079
01/07/2022;117,18;3,51;17214;0,06;0,19;0,34;0,09;0,36;0,04;0,02;0,81;0,01;0,89;0,06;0,19;0,19;0,18;0,54;1,13;0,05;0,10;0,10;0,27;0,35;0,30;0,17;0,20;0,05;0,02;0,19;0,09;0,12;0,01;0,30;0,05;2,70;0,42;0,15;0,03;0,02;0,63;0,18;2,68;2,59;0,03;0,04;0,05;;;;;81,85267637
01/08/2022;132,86;3,99;16888;0,04;0,24;0,14;0,05;0,30;0,06;0,01;1,24;0,03;0,61;0,08;0,24;0,07;0,15;0,57;1,15;0,31;0,09;0,07;0,25;0,27;0,12;0,51;0,31;0,08;0,07;0,11;0,08;0,04;0,07;0,21;0,01;2,42;0,12;0,12;0,03;0,01;0,34;0,74;2,28;3,13;0,04;0,06;0,05;;;;;123,961164
01/09/2022;131,99;3,96;16975;0,02;0,18;0,43;0,05;0,29;0,07;0,04;1,14;0,05;0,99;0,16;0,07;0,09;0,12;0,67;1,35;0,14;0,16;0,03;0,51;0,16;0,34;0,29;0,43;0,07;0,04;0,13;0,23;0,04;0,04;0,42;0,04;3,02;0,11;0,27;0,02;0,00;0,47;0,31;2,93;2,93;0,05;0,06;0,04;;;;;114,6269465
01/10/2022;143,16;4,29;17606;0,01;0,11;0,36;0,06;0,27;0,08;0,02;1,18;0,04;0,84;0,06;0,05;0,10;0,10;0,78;1,26;0,13;0,11;0,05;0,31;0,26;0,32;0,42;0,42;0,08;0,02;0,12;0,14;0,03;0,01;0,31;0,01;3,39;0,37;0,16;0,02;0,01;0,39;0,33;3,29;3,40;0,11;0,09;0,05;;;;;119,5941666
01/11/2022;116,72;3,50;17539;0,03;0,12;0,28;0,13;0,28;0,05;0,01;1,12;0,01;0,70;0,06;0,22;0,09;0,11;0,58;1,09;0,19;0,12;0,40;0,30;0,09;0,22;0,30;0,37;0,05;0,01;0,11;0,15;0,03;0,02;0,39;0,01;2,46;0,17;0,14;0,04;0,03;0,48;0,39;2,46;2,70;0,03;0,07;0,07;;;;;113,7618839
01/12/2022;111,20;3,34;16131;0,02;0,19;0,18;0,05;0,21;0,06;0,01;0,87;0,04;0,52;0,04;0,04;0,14;0,09;0,48;1,04;0,07;0,10;0,10;0,25;0,13;0,16;0,25;0,24;0,09;0,00;0,08;0,08;0,07;0,01;0,24;0,02;2,28;0,16;0,11;0,02;0,01;0,25;0,29;2,21;2,55;0,06;0,02;0,04;;;;;89,3438684
01/01/2023;104,27;3,13;15828;0,03;0,13;0,20;0,13;0,29;0,16;0,03;0,67;0,03;0,90;0,08;0,06;0,15;0,25;0,56;1,08;0,03;0,09;0,03;0,20;0,20;0,15;0,23;0,29;0,15;0,01;0,20;0,11;0,05;0,02;0,47;0,07;1,97;0,04;0,17;0,03;0,01;0,24;0,16;1,95;2,41;0,04;0,07;0,04;;;;;68,2317663
01/02/2023;120,99;3,63;14990;0,01;0,16;0,31;0,06;0,39;0,05;0,03;1,49;0,02;0,80;0,09;0,13;0,11;0,13;0,74;1,05;0,08;0,06;0,07;0,29;0,17;0,17;0,25;0,33;0,08;0,01;0,13;0,10;0,01;0,13;0,32;0,03;2,30;0,14;0,14;0,02;0,01;0,49;0,34;2,03;2,98;0,02;0,08;0,09;;;;;150,0789506
01/03/2023;105,38;3,16;16958;0,02;0,22;0,18;0,04;0,25;0,07;0,02;1,41;0,02;0,64;0,06;0,05;0,06;0,08;0,42;0,91;0,14;0,09;0,06;0,31;0,32;0,18;0,25;0,36;0,06;0,02;0,08;0,02;0,02;0,08;0,27;0,01;2,05;0,37;0,13;0,02;0,01;0,22;0,37;2,00;2,62;0,01;0,02;0,06;;;;;144,5150065
01/04/2023;106,81;3,20;15420;0,02;0,12;0,20;0,18;0,24;0,04;0,04;1,23;0,04;0,61;0,01;0,33;0,12;0,13;0,58;0,99;0,13;0,08;0,07;0,25;0,30;0,14;0,38;0,37;0,05;0,03;0,12;0,06;0,11;0,08;0,18;0,01;1,81;0,42;0,12;0,01;0,04;0,28;0,40;1,69;2,44;0,06;0,07;0,05;;;;;127,5732439
01/05/2023;108,47;3,25;16506;0,02;0,16;0,19;0,21;0,24;0,06;0,00;1,08;0,04;0,62;0,08;0,24;0,07;0,14;0,53;1,08;0,16;0,12;0,08;0,32;0,20;0,22;0,50;0,30;0,08;0,01;0,12;0,07;0,05;0,04;0,16;0,01;1,90;0,33;0,15;0,01;0,02;0,36;0,35;1,77;2,51;0,04;0,08;0,18;;;;;113,9573665
01/06/2023;110,53;3,32;16349;0,02;0,13;0,27;0,07;0,25;0,04;0,02;1,06;0,04;0,70;0,11;0,10;0,10;0,09;0,46;1,11;0,12;0,07;0,07;0,26;0,17;0,17;0,20;0,29;0,05;0,02;0,08;0,10;0,10;0,02;0,15;0,01;2,21;0,21;0,13;0,03;0,02;0,16;0,35;2,13;2,46;0,06;0,08;0,12;;;;;111,7522721
01/07/2023;107,45;3,22;16104;0,01;0,16;0,21;0,11;0,17;0,06;0,01;0,97;0,02;0,71;0,07;0,09;0,10;0,20;0,53;1,02;0,10;0,12;0,05;0,21;0,32;0,12;0,26;0,38;0,13;0,02;0,14;0,07;0,07;0,02;0,29;0,02;2,08;0,09;0,30;0,02;0,02;0,48;0,29;1,83;2,48;0,06;0,07;0,11;;;;;103,409833
01/08/2023;101,14;3,03;16482;0,05;0,10;0,17;0,12;0,24;0,05;0,02;0,99;0,03;0,48;0,09;0,08;0,09;0,04;0,57;1,11;0,12;0,04;0,04;0,32;0,17;0,22;0,23;0,25;0,07;0,02;0,16;0,03;0,05;0,03;0,13;0,02;1,97;0,27;0,09;0,01;0,02;0,33;0,19;1,64;2,16;0,02;0,07;0,13;;;;;105,0373072
01/09/2023;98,63;2,96;16529;0,03;0,19;0,11;0,11;0,31;0,05;0,02;1,08;0,04;0,45;0,04;0,13;0,10;0,05;0,56;1,18;0,11;0,10;0,10;0,46;0,20;0,14;0,27;0,50;0,09;0,06;0,08;0,06;0,01;0,07;0,19;0,01;1,91;0,25;0,13;0,02;0,03;0,39;0,22;1,66;2,22;0,04;0,15;0,11;;;;;115,2519506
01/10/2023;197,89;5,94;16747;0,04;0,21;0,35;0,09;0,57;0,05;0,01;1,04;0,05;0,79;0,07;1,64;0,15;0,08;0,86;2,23;0,14;0,10;0,07;0,22;4,34;0,24;0,24;0,27;0,16;0,02;0,12;0,21;0,04;0,07;0,12;0,03;1,84;0,79;0,17;0,07;0,08;0,41;0,26;1,71;4,42;0,10;0,05;0,07;;;;;111,2814571
01/11/2023;156,70;4,70;15979;0,04;0,15;0,18;0,08;0,41;0,07;0,01;0,92;0,03;0,33;0,04;1,21;0,11;0,06;0,56;1,45;0,13;0,07;0,26;0,25;3,19;0,09;0,32;0,28;0,08;0,04;0,08;0,08;0,01;0,13;0,14;0,00;1,27;0,29;0,04;0,28;0,03;0,23;0,34;1,22;3,73;0,03;0,11;0,06;;;;;99,017914
01/12/2023;142,28;4,27;15536;0,06;0,13;0,19;0,08;0,26;0,05;0,01;0,70;0,05;0,51;0,12;0,92;0,17;0,04;0,70;1,61;0,11;0,21;0,05;0,23;2,45;0,26;0,18;0,15;0,12;0,03;0,20;0,36;0,03;0,03;0,21;0,01;1,50;0,28;0,12;0,03;0,01;0,21;0,17;1,35;3,42;0,12;0,06;0,12;;;;;75,4813229
01/01/2024;160,16;4,80;15966;0,03;0,31;0,18;0,06;0,38;0,18;0,01;0,97;0,05;0,54;0,14;1,01;0,03;0,08;0,63;1,88;0,08;0,08;0,06;0,28;2,78;0,12;0,25;0,34;0,14;0,04;0,34;0,15;0,04;0,01;0,11;0,03;1,55;0,56;0,13;0,06;0,01;0,34;0,26;1,48;3,85;0,08;0,09;0,30;;;;;103,2396479
01/02/2024;146,60;4,40;15283;0,09;0,22;0,22;0,09;0,27;0,05;0,01;0,77;0,03;0,71;0,09;0,92;0,12;0,09;0,75;1,65;0,04;0,13;0,07;0,22;2,24;0,22;0,14;0,16;0,18;0,05;0,19;0,07;0,04;0,02;0,20;0,02;1,72;0,28;0,10;0,05;0,00;0,25;0,20;1,51;3,40;0,08;0,03;0,12;;;;;82,2410025
01/03/2024;133,21;4,00;16268;0,01;0,15;0,36;0,07;0,24;0,06;0,01;0,88;0,04;0,66;0,06;0,66;0,21;0,09;0,77;1,39;0,05;0,12;0,04;0,24;1,89;0,25;0,14;0,27;0,13;0,03;0,09;0,09;0,01;0,04;0,22;0,01;1,58;0,20;0,13;0,01;0,02;0,23;0,18;1,48;2,94;0,07;0,04;0,12;;;;;92,76335151
01/04/2024;163,74;4,91;15801;0,04;0,31;0,24;0,09;0,47;0,05;0,01;1,04;0,05;0,72;0,03;0,70;0,17;0,08;0,82;1,99;0,11;0,05;0,08;0,25;2,90;0,19;0,28;0,27;0,13;0,02;0,12;0,07;0,03;0,08;0,32;0,03;1,83;0,39;0,13;0,06;0,00;0,25;0,30;1,67;4,01;0,04;0,08;0,14;;;;;109,7567977
01/05/2024;130,52;3,91;16348;0,07;0,21;0,22;0,05;0,28;0,09;0,02;0,94;0,03;0,48;0,02;0,71;0,17;0,04;0,64;1,25;0,06;0,07;0,04;0,13;1,75;0,15;0,18;0,26;0,06;0,02;0,13;0,13;0,01;0,02;0,18;0,01;1,72;0,26;0,12;0,01;0,01;0,18;0,23;1,53;3,11;0,07;0,09;0,18;;;;;98,93696318
01/06/2024;112,88;3,39;15772;0,04;0,14;0,27;0,08;0,24;0,18;0,01;0,89;0,04;0,45;0,08;0,47;0,11;0,03;0,72;1,22;0,04;0,13;0,04;0,19;1,52;0,34;0,26;0,34;0,06;0,02;0,12;0,11;0,03;0,12;0,14;0,03;1,47;0,15;0,11;0,01;0,05;0,17;0,18;1,27;2,69;0,06;0,11;0,11;;;;;94,44427843
01/07/2024;92,39;2,77;16238;0,02;0,07;0,12;0,07;0,17;0,08;0,03;0,73;0,06;0,43;0,03;0,28;0,12;0,03;0,47;1,07;0,07;0,16;0,04;0,16;1,08;0,14;0,16;0,19;0,04;0,02;0,07;0,06;0,01;0,04;0,15;0,02;0,99;0,14;0,09;0,01;0,00;0,15;0,15;0,87;2,09;0,10;0,06;0,06;;;;;77,13512285
01/08/2024;140,76;4,22;15798;0,04;0,17;0,08;0,15;0,19;0,10;0,01;0,64;0,09;0,42;0,08;0,79;0,05;0,08;0,65;1,59;0,09;0,04;0,06;0,23;1,88;0,13;0,10;0,17;0,12;0,04;0,05;0,10;0,02;0,07;0,13;0,02;1,55;0,26;0,07;0,05;0,01;0,22;0,13;1,34;3,21;0,15;0,07;0,06;;;;;66,20966575
01/09/2024;130,14;3,90;15371;0,03;0,08;0,15;0,11;0,23;0,03;0,03;0,77;0,04;0,49;0,02;0,47;0,08;0,06;0,79;1,63;0,03;0,14;0,04;0,17;1,85;0,12;0,21;0,27;0,10;0,03;0,03;0,04;0,00;0,08;0,12;0,02;1,44;0,15;0,06;0,03;0,00;0,27;0,21;1,29;2,97;0,07;0,05;0,07;;;;;77,48859591
01/10/2024;130,69;3,92;16174;0,04;0,11;0,20;0,09;0,22;0,07;0,00;0,98;0,01;0,55;0,05;0,27;0,10;0,11;0,65;1,45;0,09;0,08;0,14;0,27;2,10;0,27;0,22;0,40;0,13;0,04;0,11;0,11;0,01;0,04;0,19;0,01;1,37;0,30;0,10;0,04;0,01;0,28;0,31;1,10;3,03;0,04;0,04;0,15;;;;;96,7889763
01/11/2024;128,48;3,85;15881;0,05;0,11;0,20;0,21;0,33;0,06;0,03;0,99;0,03;0,70;0,05;0,21;0,13;0,14;0,67;1,52;0,06;0,16;0,03;0,18;1,41;0,25;0,20;0,85;0,15;0,01;0,11;0,12;0,09;0,03;0,13;0,01;1,96;0,21;0,14;0,03;0,00;0,28;0,19;1,78;3,15;0,08;0,09;0,09;;;;;98,2877903
01/12/2024;142,13;4,26;14379;0,03;0,11;0,16;0,09;0,31;0,06;0,01;0,84;0,03;0,53;0,07;0,26;0,06;0,12;0,54;1,52;0,04;0,07;0,02;0,19;1,62;0,15;0,21;0,54;0,16;0,03;0,10;0,10;0,04;0,03;0,08;0,02;2,30;0,34;0,10;0,01;0,01;1,20;0,18;1,54;3,30;0,04;0,03;0,10;;;;;82,99158456
01/01/2025;112,33;3,37;15939;0,03;0,08;0,13;0,16;0,34;0,11;0,04;0,85;0,21;0,53;0,17;0,31;0,11;0,10;0,62;1,27;0,09;0,07;0,04;0,24;1,03;0,14;0,14;0,35;0,31;0,01;0,09;0,08;0,03;0,04;0,16;0,02;1,12;0,24;0,08;0,03;0,02;0,21;0,16;0,80;2,72;0,11;0,01;0,08;;;;;82,58941238
01/02/2025;136,20;4,09;14834;0,05;0,18;0,44;0,05;0,65;0,05;0,01;1,11;0,09;1,14;0,23;0,36;0,13;0,18;1,02;1,74;0,06;0,08;0,05;0,21;0,98;0,19;0,18;0,33;0,46;0,01;0,10;0,09;0,00;0,01;0,39;0,02;1,95;0,68;0,14;0,10;0,01;0,28;0,14;1,75;3,51;0,10;0,06;0,07;;;;;104,7325917
01/03/2025;174,24;5,23;16858;0,02;0,17;0,39;0,09;0,95;0,08;0,01;1,08;0,05;0,94;0,17;0,43;0,13;0,17;1,32;2,52;0,13;0,14;0,05;0,24;1,19;0,39;0,29;0,39;0,43;0,03;0,11;0,16;0,04;0,02;0,39;0,04;2,45;0,79;0,14;0,09;0,01;0,34;0,17;2,23;4,46;0,18;0,07;0,08;;;;;102,9693107
01/04/2025;140,33;4,21;16465;0,04;0,10;0,26;0,10;0,39;0,09;0,01;1,03;0,03;0,61;0,07;0,24;0,07;0,07;0,76;1,49;0,06;0,12;0,08;0,43;1,13;0,40;0,32;0,31;0,22;0,05;0,07;0,12;0,02;0,05;0,11;0,01;1,51;0,26;0,08;0,08;0,00;0,28;0,13;1,28;3,50;0,18;0,16;0,12;;;;;98,96558678
01/05/2025;165,81;4,97;17051;0,05;0,19;0,22;0,07;0,74;0,15;0,02;1,14;0,04;0,68;0,08;0,29;0,19;0,08;1,02;1,95;0,11;0,05;0,05;0,76;1,87;0,37;0,17;0,32;0,19;0,03;0,09;0,09;0,03;0,04;0,19;0,02;1,51;0,67;0,19;0,04;0,02;0,69;0,21;1,40;4,11;0,19;0,10;0,09;;;;;108,8306816
01/06/2025;220,09;6,60;16042;0,02;0,30;0,21;0,09;0,95;0,07;0,01;1,39;0,02;0,92;0,10;0,36;0,27;0,07;1,10;2,72;0,09;0,05;0,02;0,47;4,11;0,24;0,38;0,42;0,20;0,04;0,32;0,19;0,01;0,04;0,17;0,01;2,15;0,45;0,19;0,04;0,01;0,64;0,21;1,74;5,59;0,05;0,11;0,04;;;;;135,9693552
01/07/2025;132,68;3,98;15906;0,03;0,12;0,18;0,11;0,39;0,08;0,00;0,91;0,02;0,63;0,12;0,31;0,10;0,09;0,71;1,52;0,05;0,03;0,12;0,37;1,75;0,25;0,31;0,36;0,11;0,16;0,11;0,09;0,01;0,10;0,11;0,02;1,40;0,19;0,13;0,13;0,01;0,36;0,12;1,24;3,24;0,06;0,11;0,05;;;;;101,3138048
01/08/2025;136,02;4,08;13971;0,01;0,22;0,20;0,11;0,49;0,05;0,01;0,87;0,05;0,93;0,05;0,30;0,16;0,29;0,99;1,35;0,06;0,11;0,03;0,51;1,37;0,34;0,29;0,28;0,11;0,03;0,06;0,09;0,02;0,04;0,18;0,02;1,77;0,19;0,11;0,04;0,01;0,25;0,11;1,62;3,56;0,09;0,09;0,07;;;;;97,69138357
01/09/2025;119,51;3,58;12247;0,02;0,22;0,21;0,11;0,39;0,02;0,00;0,91;0,08;0,59;0,11;0,27;0,17;0,11;0,81;1,05;0,02;0,16;0,06;0,35;1,30;0,28;0,20;0,24;0,20;0,03;0,08;0,14;0,02;0,05;0,46;0,07;1,36;0,25;0,11;0,03;0,02;0,29;0,13;1,10;3,18;0,24;0,09;0,08;;;;;100
