date,eui,gpr,cpu,oil_price,log_eui,log_gpr,log_cpu,log_oil_price,d_eui,dlog_eui,d_cpu,dlog_cpu,d_oil_price,dlog_oil_price,COVID_WINDOW_2020_03_11_2023_05_05,RU_UA_WAR_PULSE_2022_02_24,FUKUSHIMA_PULSE_2011_03_11,GFC_WINDOW_2007_12_01_2009_06_30,PARIS_COP21_PULSE_2015_12_12,SEP11_PULSE_2001_09_11
1996-01-01,0.35823236,75.63492584228516,132.7487274,17.85,-1.026573452844143,4.3259181585454485,4.88845807363542,2.8820035082256483,,,,,,,0,0,0,0,0,0
1996-02-01,0.373171832,80.4209213256836,105.2608273,18.0,-0.9857162898135329,4.387274357828319,4.656441339480534,2.8903717578961645,0.014939471999999954,0.040857163030610155,-27.487900100000004,-0.232016734154886,0.14999999999999858,0.008368249670516192,0,0,0,0,0,0
1996-03-01,0.203097905,82.14761352539062,79.18070109,19.85,-1.5940671255647059,4.408517793853042,4.371732596021205,2.9882040071331994,-0.17007392699999999,-0.608350835751173,-26.080126210000003,-0.28470874345932984,1.8500000000000014,0.09783224923703493,0,0,0,0,0,0
1996-04-01,0.317945301,84.82862091064453,59.56206223,20.9,-1.1458759204312419,4.440632996592653,4.087018831628755,3.039749158970765,0.11484739600000002,0.448191205133464,-19.618638859999997,-0.2847137643924498,1.0499999999999972,0.051545151837565584,0,0,0,0,0,0
1996-05-01,0.711227613,65.53082275390625,39.14062092,19.15,-0.34076276960814,4.182520608350372,3.667160825919767,2.952302715626655,0.393282312,0.8051131508231019,-20.42144131,-0.41985800570898757,-1.75,-0.08744644334411023,0,0,0,0,0,0
1996-06-01,0.086114468,69.08858489990234,57.74412735,18.46,-2.452077844499029,4.235389520309505,4.056021653321941,2.9156062290747062,-0.625113145,-2.111315074890889,18.603506429999996,0.38886082740217365,-0.6899999999999977,-0.03669648655194857,0,0,0,0,0,0
1996-07-01,0.441029685,80.64431762695312,48.20604973,19.57,-0.8186430928755343,4.390048344890643,3.8754845262509874,2.9739977814079848,0.354915217,1.6334347516234948,-9.538077620000003,-0.18053712707095348,1.1099999999999994,0.05839155233327853,0,0,0,0,0,0
1996-08-01,0.267349214,81.6876449584961,54.2533235,20.51,-1.3191995575580544,4.4029027659321684,3.993664253216899,3.0209125720842893,-0.173680471,-0.5005564646825201,6.047273770000004,0.1181797269659115,0.9400000000000013,0.04691479067630455,0,0,0,0,0,0
1996-09-01,0.316085142,88.19697570800781,76.75990615,22.63,-1.1517436649779156,4.479572673400009,4.340682448496751,3.119276459645446,0.048735927999999984,0.16745589258013882,22.506582650000006,0.3470181952798521,2.1199999999999974,0.09836388756115655,0,0,0,0,0,0
1996-10-01,0.243469087,55.58683013916016,50.23500091,24.16,-1.4127652972907518,4.017946305198165,3.9167120130291377,3.184698373066614,-0.07261605499999998,-0.26102163231283626,-26.52490524000001,-0.42397043546761326,1.5300000000000011,0.06542191342116821,0,0,0,0,0,0
1996-11-01,0.37527501,57.34461212158203,52.28157229,22.76,-0.9800961617887721,4.049078891848751,3.9566439627108343,3.1250046092581303,0.13180592300000002,0.4326691355019797,2.046571380000003,0.039931949681696555,-1.3999999999999986,-0.05969376380848379,0,0,0,0,0,0
1996-12-01,0.076426743,74.98263549804688,47.86485729,23.78,-2.571422604792098,4.317256560037159,3.8683815668833734,3.1688448912626357,-0.298848267,-1.5913264430033256,-4.416714999999996,-0.08826239582746087,1.0199999999999996,0.043840282004505404,0,0,0,0,0,0
1997-01-01,0.306316158,54.06243515014648,48.69730058,23.54,-1.183137514331034,3.990139585156516,3.8856235989834804,3.1587011018321305,0.22988941499999999,1.3882850904610637,0.8324432899999934,0.017242032100106996,-0.240000000000002,-0.010143789430505201,0,0,0,0,0,0
1997-02-01,0.380584158,50.559940338134766,52.40921696,20.85,-0.9660479487383509,3.923159569816837,3.9590824720422826,3.0373539482448106,0.074268,0.21708956559268322,3.7119163800000052,0.07345887305880217,-2.6899999999999977,-0.12134715358731984,0,0,0,0,0,0
1997-03-01,0.222868571,58.48006057739258,47.70801379,19.13,-1.5011730489804433,4.068685851306113,3.8650993877664352,2.9512577834521614,-0.15771558700000002,-0.5351251002420925,-4.701203169999999,-0.09398308427584734,-1.7200000000000024,-0.08609616479264925,0,0,0,0,0,0
1997-04-01,0.183857559,62.844486236572266,53.87316218,17.56,-1.6935939570406218,4.140663202255029,3.9866324351738482,2.8656235882069705,-0.039011011999999984,-0.19242090806017842,6.165148389999999,0.121533047407413,-1.5700000000000003,-0.08563419524519089,0,0,0,0,0,0
1997-05-01,0.559767449,53.57601547241211,57.58915927,19.02,-0.5802338511441159,3.981101495401423,4.053334342870608,2.9454910571172443,0.37590988999999997,1.113360105896506,3.715997090000002,0.06670190769675965,1.4600000000000009,0.07986746891027385,0,0,0,0,0,0
1997-06-01,0.239229829,39.04562377929688,77.13108765,17.58,-1.4303305615031976,3.6647308028942316,4.345506411363401,2.866761892257031,-0.32053761999999997,-0.8500967103590817,19.541928379999995,0.29217206849279354,-1.4400000000000013,-0.07872916486021353,0,0,0,0,0,0
1997-07-01,0.487011673,47.69842529296875,66.57702463,18.46,-0.7194671869876254,3.8648983846233413,4.198359542503073,2.9156062290747062,0.24778184399999997,0.7108633745155722,-10.554063020000001,-0.1471468688603288,0.8800000000000026,0.048844336817675416,0,0,0,0,0,0
1997-08-01,0.541588349,48.582298278808594,41.72290989,18.6,-0.6132490698015775,3.883259231611192,3.7310503757827416,2.9231615807191558,0.05457667599999999,0.1062181171860479,-24.85411474,-0.46730916672033107,0.14000000000000057,0.007555351644449537,0,0,0,0,0,0
1997-09-01,0.192389497,42.6890869140625,50.85333809,18.46,-1.6482333316376758,3.753943311786443,3.9289457661610188,2.9156062290747062,-0.349198852,-1.0349842618360983,9.130428200000004,0.1978953903782772,-0.14000000000000057,-0.007555351644449537,0,0,0,0,0,0
1997-10-01,0.249745089,49.74630737304688,87.14869281,19.87,-1.3873145253104702,3.9069362371925407,4.467615772542008,2.9892110565637253,0.05735559200000001,0.26091880632720565,36.29535472,0.5386700063809888,1.4100000000000001,0.07360482748901909,0,0,0,0,0,0
1997-11-01,0.618200893,59.6933708190918,61.45184037,19.17,-0.48094180476882664,4.089220972676735,4.11825378462786,2.9533465570575532,0.368455804,0.9063727205416435,-25.69685244,-0.34936198791414785,-0.6999999999999993,-0.0358644995061721,0,0,0,0,0,0
1997-12-01,0.17490668,43.998268127441406,79.50499088,17.18,-1.7435027044336366,3.7841502724036387,4.375819798054587,2.8437459165561094,-0.44329421300000005,-1.2625608996648099,18.053150509999995,0.257566013426727,-1.990000000000002,-0.1096006405014438,0,0,0,0,0,0
1998-01-01,0.404934589,53.0963020324707,33.95765115,15.19,-0.9040297335614984,3.97210728424975,3.525114193856778,2.7206373166076814,0.230027909,0.8394729708721382,-45.54733973,-0.8507056041978087,-1.9900000000000002,-0.12310859994842804,0,0,0,0,0,0
1998-02-01,0.530210299,77.59761810302734,38.54575329,14.07,-0.6344815605704907,4.351536732169469,3.651845932851666,2.644044871126298,0.12527571000000004,0.26954817299100775,4.588102140000004,0.12673173899488788,-1.1199999999999992,-0.07659244548138355,0,0,0,0,0,0
1998-03-01,0.876395101,57.24806213378906,54.96350416,13.1,-0.13193826118973087,4.047393792669995,4.006669404251339,2.5726122302071057,0.3461848019999999,0.5025432993807598,16.41775087,0.35482347139967274,-0.9700000000000006,-0.0714326409191921,0,0,0,0,0,0
1998-04-01,0.202529774,50.99658203125,72.0244442,13.53,-1.5968683711449374,3.9317586114833545,4.277005564175806,2.604909442182697,-0.6738653269999999,-1.4649301099552066,17.060940040000006,0.2703361599244669,0.4299999999999997,0.0322972119755911,0,0,0,0,0,0
1998-05-01,0.716604225,94.4734878540039,44.80914641,14.36,-0.3332315782313716,4.548319243328193,3.802412279520431,2.664446563620078,0.5140744509999999,1.263636792913566,-27.215297790000008,-0.4745932846553744,0.8300000000000001,0.05953712143738121,0,0,0,0,0,0
1998-06-01,0.466979167,76.30907440185547,57.36352036,12.21,-0.7614706325866805,4.3347918617804035,4.049408567490402,2.502255288122613,-0.249625058,-0.42823905435530885,12.554373950000006,0.24699628796997075,-2.1499999999999986,-0.16219127549746482,0,0,0,0,0,0
1998-07-01,0.38666984,54.04841613769531,48.35392835,12.08,-0.9501840766869611,3.9898802400054465,3.878547466789127,2.4915511925066687,-0.08030932699999999,-0.18871344410028068,-9.009592010000006,-0.1708611007012748,-0.13000000000000078,-0.010704095615944542,0,0,0,0,0,0
1998-08-01,0.940468565,97.02085876464844,67.12760936,11.91,-0.0613770545104288,4.5749259941966605,4.206595425220601,2.477378383367209,0.553798725,0.8888070221765323,18.773681009999997,0.32804795843147394,-0.16999999999999993,-0.01417280913945973,0,0,0,0,0,0
1998-09-01,0.225484246,62.51344299316406,75.74855521,13.34,-1.4895049850076203,4.135381621504897,4.327419371072271,2.590767040487478,-0.714984319,-1.4281279304971914,8.620945850000012,0.12082394585166956,1.4299999999999997,0.11338865712026891,0,0,0,0,0,0
1998-10-01,0.537638928,54.40364837646485,80.45265361,12.7,-0.6205680816804408,3.9964312173569296,4.3876688574811125,2.5416019934645457,0.312154682,0.8689369033271795,4.704098399999992,0.06024948640884187,-0.6400000000000006,-0.04916504702293212,0,0,0,0,0,0
1998-11-01,0.625123798,67.96592712402344,64.06718602,11.04,-0.4698055720603549,4.219006507892191,4.159932314286838,2.401525040848949,0.08748486999999994,0.15076250962008586,-16.385467590000005,-0.2277365431942746,-1.6600000000000001,-0.14007695261559672,0,0,0,0,0,0
1998-12-01,0.756554944,75.95989227294922,53.36491886,9.82,-0.2789801191776169,4.33020546773546,3.9771535798925526,2.2844211223663744,0.13143114600000005,0.190825452882738,-10.702267159999991,-0.18277873439428527,-1.2199999999999989,-0.11710391848257462,0,0,0,0,0,0
1999-01-01,0.521330122,63.98722457885742,74.13790557,11.11,-0.6513718064105097,4.158683447478403,4.3059269476607565,2.4078456036515385,-0.23522482200000006,-0.37239168723289284,20.772986709999998,0.3287733677682039,1.2899999999999991,0.12342448128516414,0,0,0,0,0,0
1999-02-01,1.124281581,58.316383361816406,55.12147966,10.27,0.11714423700129405,4.065883072091199,4.0095394706847225,2.329227023940467,0.602951459,0.7685160434118038,-19.016425910000002,-0.29638747697603396,-0.8399999999999999,-0.07861857971107167,0,0,0,0,0,0
1999-03-01,0.153282356,83.39727783203125,94.39361171,12.51,-1.8754735943140382,4.4236156689283055,4.5474733982980045,2.5265283244788197,-0.9709992249999999,-1.9926178313153322,39.27213205,0.537933927613282,2.24,0.19730130053835282,0,0,0,0,0,0
1999-04-01,0.54079899,106.19801330566406,73.2387762,15.29,-0.614707621858677,4.665305401529883,4.293725010218317,2.727199019940971,0.38751663399999997,1.2607659724553613,-21.154835509999998,-0.25374838807968736,2.7799999999999994,0.2006706954621511,0,0,0,0,0,0
1999-05-01,0.920697107,85.44113159179688,36.90790935,15.23,-0.08262417086770606,4.447827619410192,3.608425873606216,2.7232671669070703,0.379898117,0.532083450990971,-36.33086685000001,-0.6852991366121013,-0.05999999999999872,-0.003931853033900534,0,0,0,0,0,0
1999-06-01,0.10534774,79.4105453491211,51.39378531,15.86,-2.250488591263894,4.3746311723954525,3.939517256785355,2.7638002162067017,-0.8153493669999999,-2.167864420396188,14.485875960000001,0.33109138317913933,0.629999999999999,0.04053304929963142,0,0,0,0,0,0
1999-07-01,0.187385772,62.14287185668945,53.04863344,19.08,-1.6745858352191423,4.129436118807655,3.971209104879003,2.9486406660201405,0.08203803200000001,0.5759027560447518,1.6548481300000049,0.03169184809364767,3.219999999999999,0.18484044981343883,0,0,0,0,0,0
1999-08-01,0.52780995,62.858642578125,42.61270724,20.22,-0.6390190032527897,4.140888436769811,3.752152500813885,3.006672213592325,0.34042417799999997,1.0355668319663525,-10.435926200000004,-0.21905660406511762,1.1400000000000006,0.05803154757218465,0,0,0,0,0,0
1999-09-01,0.026962631,69.58151245117188,48.70340389,22.54,-3.613303408678758,4.242498906354065,3.885748922717866,3.11529150861163,-0.500847319,-2.9742844054259683,6.090696649999998,0.1335964219039809,2.3200000000000003,0.108619295019305,0,0,0,0,0,0
1999-10-01,0.448726363,72.35348510742188,44.88894739,22.0,-0.80134201354742,4.2815636220268445,3.8041916038666557,3.091042453358316,0.421763732,2.811961395131338,-3.8144564999999986,-0.08155731885121043,-0.5399999999999991,-0.02424905525331411,0,0,0,0,0,0
1999-11-01,0.347158814,57.9638671875,48.6570554,24.58,-1.0579729265041282,4.059819836888181,3.884796821755335,3.201933104137889,-0.10156754900000003,-0.25663091295670826,3.768108009999999,0.08060521788867936,2.5799999999999983,0.11089065077957283,0,0,0,0,0,0
1999-12-01,0.07951461,86.0849380493164,81.87298677,25.47,-2.531814500621242,4.455334460582669,4.405169104584398,3.2375012889913655,-0.267644204,-1.4738415741171138,33.21593137,0.5203722828290629,0.8900000000000006,0.03556818485347657,0,0,0,0,0,0
2000-01-01,0.132768396,64.45780944824219,68.31159087,25.51,-2.019149052189707,4.166010892692294,4.224079457449298,3.23907053215372,0.05325378600000001,0.5126654484315352,-13.561395899999994,-0.18108964713510023,0.0400000000000027,0.0015692431623546277,0,0,0,0,0,0
2000-02-01,0.569743838,63.54172134399414,46.02471835,27.78,-0.5625684261846842,4.151696719188841,3.829178607600146,3.3243163373261977,0.43697544199999994,1.4565806260050227,-22.286872520000003,-0.39490084984915175,2.2699999999999996,0.0852458051724776,0,0,0,0,0,0
2000-03-01,0.02481873,50.10198593139648,35.05368162,27.49,-3.696156668927394,3.914060646654432,3.556880647051399,3.3138223021771545,-0.5449251079999999,-3.13358824274271,-10.971036730000002,-0.2722979605487468,-0.2900000000000027,-0.010494035149043235,0,0,0,0,0,0
2000-04-01,0.073758777,48.6827392578125,47.90848398,22.76,-2.6069552806738647,3.885324537238994,3.8692926073136014,3.1250046092581303,0.048940047,1.0892013882535294,12.85480236,0.3124119602622022,-4.729999999999997,-0.18881769291902417,0,0,0,0,0,0
2000-05-01,0.67076955,79.48287963867188,63.21925829,27.74,-0.39932964362333045,4.3755416480120894,4.146608974513651,3.3228754148866853,0.597010773,2.2076256370505343,15.31077431,0.2773163672000494,4.979999999999997,0.19787080562855497,0,0,0,0,0,0
2000-06-01,0.956545496,64.71781921386719,75.55926217,29.8,-0.04442692615198746,4.170036576475898,4.324917277762975,3.3945083935113587,0.285775946,0.354902717471343,12.340003879999998,0.17830830324932467,2.0600000000000023,0.07163297862467344,0,0,0,0,0,0
2000-07-01,0.828712181,51.90402221679688,40.69510219,28.68,-0.1878823723091397,3.9493962865291707,3.706107745895154,3.3562000157314196,-0.12783331500000006,-0.14345544615715225,-34.86415998,-0.6188095318678215,-1.120000000000001,-0.03830837777993912,0,0,0,0,0,0
2000-08-01,0.87488256,46.49225616455078,55.14588067,30.2,-0.13366561877530653,3.8392857646292864,4.009982049709473,3.407841924380824,0.046170378999999984,0.05421675353383318,14.450778479999997,0.303874303814319,1.5199999999999996,0.05164190864940421,0,0,0,0,0,0
2000-09-01,1.177093183,52.68999862670898,71.03655763,33.14,0.16304799506790107,3.9644256581575954,4.263194640724937,3.500741011998417,0.302210623,0.2967136138432076,15.890676960000008,0.2532125910154637,2.9400000000000013,0.09289908761759325,0,0,0,0,0,0
2000-10-01,1.201644808,76.45652770996094,70.58561769,30.96,0.1836912916120952,4.336722314079341,4.256826408307295,3.4326960487215263,0.024551624999999966,0.020643296544194112,-0.4509399399999978,-0.006368232417641728,-2.1799999999999997,-0.06804496327689069,0,0,0,0,0,0
2000-11-01,1.403603666,45.06056213378906,109.5600241,32.55,0.3390429765787415,3.808007410154625,4.696472564365646,3.482777368654578,0.20195885800000002,0.1553516849666463,38.97440641,0.4396461560583509,1.5899999999999963,0.05008131993305165,0,0,0,0,0,0
2000-12-01,0.970673669,45.39509963989258,66.28478324,25.66,-0.02976494441738286,3.8154041617743366,4.193960357124021,3.2449333591874905,-0.432929997,-0.36880792099612436,-43.27524086000001,-0.502512207241625,-6.889999999999997,-0.2378440094670875,0,0,0,0,0,0
2001-01-01,1.031299585,46.89955520629883,100.4816768,25.62,0.030819739935073368,3.848008191533036,4.609975390478736,3.2433732964685884,0.060625916,0.06058468435245623,34.19689356000001,0.41601503335471524,-0.03999999999999915,-0.0015600627189020777,0,0,0,0,0,0
2001-02-01,1.024681609,55.08771133422852,90.9684846,27.5,0.024381938970465946,4.0089266664980014,4.51051312345624,3.3141860046725258,-0.006617976000000025,-0.006437800964607422,-9.513192200000006,-0.09946226702249561,1.879999999999999,0.07081270820393737,0,0,0,0,0,0
2001-03-01,0.967487023,61.70895385742188,93.88492055,24.5,-0.033053267088050835,4.12242903962765,4.542069782796347,3.1986731175506815,-0.057194585999999936,-0.05743520605851678,2.9164359500000074,0.031556659340107096,-3.0,-0.11551288712184427,0,0,0,0,0,0
2001-04-01,1.089395119,50.5687370300293,90.85312226,25.66,0.08562260550944677,3.923333540092048,4.5092441614503205,3.2449333591874905,0.12190809599999997,0.1186758725974976,-3.0317982899999976,-0.032825621346026956,1.1600000000000001,0.046260241636808974,0,0,0,0,0,0
2001-05-01,0.971548584,60.376861572265625,108.0645824,28.31,-0.028864002151039132,4.100605944992477,4.682729033587509,3.343215099123808,-0.11784653499999997,-0.1144866076604859,17.21146014,0.17348487213718844,2.6499999999999986,0.09828173993631761,0,0,0,0,0,0
2001-06-01,1.189426962,72.06433868408203,113.7365429,27.85,0.17347164660581746,4.277559312834139,4.733884746656745,3.326832966373293,0.21787837799999998,0.20233564875685658,5.671960499999997,0.051155713069236164,-0.4599999999999973,-0.016382132750515144,0,0,0,0,0,0
2001-07-01,1.006962993,61.072940826416016,92.44396622,24.61,0.006938863309398654,4.112068901084896,4.526602690370647,3.2031528644029645,-0.18246396900000006,-0.1665327832964188,-21.29257668000001,-0.20728205628609775,-3.240000000000002,-0.12368010197032842,0,0,0,0,0,0
2001-08-01,1.102781652,64.10773468017578,73.273651,25.68,0.09783576237947825,4.160565022484463,4.294201076328545,3.2457124788217606,0.09581865900000008,0.0908968990700796,-19.170315219999992,-0.2324016140421019,1.0700000000000003,0.04255961441879608,0,0,0,0,0,0
2001-09-01,1.147735329,498.64788818359375,104.0768634,25.62,0.13779072166515036,6.211900211771415,4.645129697316626,3.2433732964685884,0.04495367700000008,0.03995495928567211,30.803212399999992,0.3509286209880802,-0.05999999999999872,-0.002339182353172209,0,0,0,0,0,1
2001-10-01,1.213745956,512.5297241210938,100.3506418,20.54,0.19371140879498397,6.239358707615788,4.608670470837241,3.0223742045004123,0.06601062699999982,0.05592068712983361,-3.726221599999988,-0.03645922647938438,-5.080000000000002,-0.22099909196817613,0,0,0,0,0,1
2001-11-01,0.994988407,306.785888671875,79.42252081,18.8,-0.005024193147702084,5.7261500732327955,4.374781965441147,2.9338568698359038,-0.21875754899999988,-0.19873560194268605,-20.92812099000001,-0.23388850539609418,-1.7399999999999984,-0.0885173346645085,0,0,0,0,0,0
2001-12-01,1.037613979,236.0997467041016,76.21255298,18.71,0.036923826365736365,5.464254371257777,4.333526186395248,2.9290581402859983,0.042625572000000056,0.04194801951343845,-3.2099678299999965,-0.04125577904589939,-0.08999999999999986,-0.004798729549905456,0,0,0,0,0,0
2002-01-01,0.978658796,172.47720336914062,64.90589125,19.42,-0.021572220182511856,5.150265073356461,4.172938393858415,2.966303462863179,-0.05895518300000002,-0.05849604654824822,-11.306661730000002,-0.16058779253683308,0.7100000000000009,0.037245322577180495,0,0,0,0,0,0
2002-02-01,0.957970291,146.1857147216797,110.4691031,20.28,-0.042938512974397186,4.984877832019667,4.704735871904905,3.0096351787229825,-0.02068850500000008,-0.02136629279188533,45.56321185,0.5317974780464905,0.8599999999999994,0.043331715859803666,0,0,0,0,0,0
2002-03-01,0.918487073,151.9763641357422,62.49144113,23.7,-0.08502744845974755,5.023725009648078,4.135029605444955,3.1654750481410856,-0.03948321799999999,-0.042088935485350365,-47.97766197,-0.5697062664599502,3.419999999999998,0.15583986941810313,0,0,0,0,0,0
2002-04-01,0.595432466,157.49655151367188,93.90980592,25.73,-0.5184673038386902,5.059403562874696,4.542334810154819,3.2476576262936527,-0.323054607,-0.4334398553789427,31.41836479,0.4073052047098642,2.030000000000001,0.08218257815256713,0,0,0,0,0,0
2002-05-01,0.128062903,163.3223114013672,59.36087039,25.35,-2.0552337060870425,5.095725618943484,4.083635261655939,3.232778730037192,-0.467369563,-1.5367664022483523,-34.548935529999994,-0.4586995484988803,-0.379999999999999,-0.01487889625646055,0,0,0,0,0,0
2002-06-01,0.060785732,149.33042907714844,105.1377443,24.08,-2.8004001886022074,5.006161495413663,4.655271340909682,3.1813816204406202,-0.067277171,-0.7451664825151649,45.77687390999999,0.5716360792537429,-1.2700000000000031,-0.051397109596571955,0,0,0,0,0,0
2002-07-01,0.065154428,122.7783432006836,89.29076438,25.74,-2.7309950114891097,4.810380641859466,4.491898060137572,3.2480462021679806,0.004368695999999998,0.06940517711309768,-15.846979919999995,-0.16337328077210955,1.6600000000000001,0.06666458172736034,0,0,0,0,0,0
2002-08-01,0.080660669,127.06451416015624,126.9246319,26.65,-2.51750419549742,4.84469494299067,4.843593460691376,3.2827891506118534,0.015506241000000004,0.2134908159916895,37.633867519999995,0.35169540055380377,0.9100000000000001,0.03474294844387282,0,0,0,0,0,0
2002-09-01,0.038385382,174.90333557128906,100.9248128,28.4,-3.260078568947704,5.164233453147956,4.614375811894579,3.3463891451671604,-0.042275287,-0.7425743734502839,-25.999819099999996,-0.22921764879679696,1.75,0.06359999455530696,0,0,0,0,0,0
2002-10-01,0.721952263,172.03192138671875,102.8782854,27.54,-0.325796260003716,5.1476800490515275,4.633546594331767,3.315639493300509,0.6835668810000001,2.9342823089439882,1.9534725999999978,0.01917078243718784,-0.8599999999999994,-0.030749651866651462,0,0,0,0,0,0
2002-11-01,1.713966483,159.12759399414062,58.90880378,24.34,0.5388102651419159,5.069706358357525,4.075990549437087,3.1921210875593813,0.9920142200000001,0.8646065251456319,-43.969481619999996,-0.5575560448946799,-3.1999999999999993,-0.1235184057411276,0,0,0,0,0,0
2002-12-01,1.126576354,175.8117218017578,84.16593885,28.33,0.119183258442302,5.169413659943843,4.432790312683184,3.3439213138424253,-0.5873901290000001,-0.4196270066996139,25.257135070000004,0.3567997632460971,3.9899999999999984,0.15180022628304402,0,0,0,0,0,0
2003-01-01,1.205380938,206.43460083007807,84.1561725,31.18,0.18679564810403643,5.329983659238057,4.432674269105395,3.4397768636296306,0.07880458400000001,0.06761238966173443,-0.009766350000006696,-0.00011604357778871588,2.8500000000000014,0.09585554978720534,0,0,0,0,0,0
2003-02-01,1.648325968,239.6109313964844,76.86654288,32.77,0.49976020804471205,5.479016488725132,4.34207070875792,3.489513462710723,0.44294502999999996,0.3129645599406756,-7.2896296199999995,-0.09060356034747574,1.5900000000000034,0.049736599081092514,0,0,0,0,0,0
2003-03-01,1.366439054,358.711181640625,86.26357192,30.61,0.31220812531819314,5.882517556733241,4.457407399126579,3.421326752957321,-0.281886914,-0.1875520827265189,9.397029040000007,0.11533669036865923,-2.1600000000000037,-0.06818670975340213,0,0,0,0,0,0
2003-04-01,1.850990776,255.77517700195312,62.89947717,25.0,0.6157210503266479,5.5442988437868665,4.141537851589178,3.2188758248682006,0.48455172199999996,0.3035129250084548,-23.364094750000007,-0.3158695475374005,-5.609999999999999,-0.20245092808912046,0,0,0,0,0,0
2003-05-01,1.707272136,162.1218719482422,70.57107226,25.86,0.5348968546558077,5.088348348376409,4.2566203191724945,3.2526973733437115,-0.1437186399999999,-0.0808241956708402,7.671595089999997,0.1150824675833162,0.8599999999999994,0.03382154847551089,0,0,0,0,0,0
2003-06-01,0.974446138,145.7697296142578,67.13287061,27.65,-0.025886032983284485,4.982028182204993,4.206673798990811,3.3196257279683437,-0.732825998,-0.5607828876390922,-3.4382016499999963,-0.04994652018168377,1.7899999999999991,0.0669283546246322,0,0,0,0,0,0
2003-07-01,1.041368505,134.89891052246094,56.13459607,28.35,0.04053571834714156,4.904525686994744,4.02775230819589,3.3446270301737613,0.0669223670000001,0.06642175133042605,-10.998274539999997,-0.17892149079492103,0.7000000000000028,0.02500130220541763,0,0,0,0,0,0
2003-08-01,1.124183496,138.23092651367188,69.99804211,29.89,0.11705699081627154,4.92892566714983,4.2484672718010525,3.3975239762958465,0.08281499099999978,0.07652127246912999,13.86344604,0.22071496360516285,1.5399999999999991,0.052896946122085176,0,0,0,0,0,0
2003-09-01,0.984338882,118.19628143310548,60.61973696,27.11,-0.015785048942868772,4.772346644520317,4.1046205324582505,3.299902663510574,-0.13984461399999992,-0.1328420397591403,-9.378305150000003,-0.143846739342802,-2.780000000000001,-0.09762131278527253,0,0,0,0,0,0
2003-10-01,1.014164973,108.3173828125,50.96979809,29.61,0.014065587201824072,4.685065647244483,3.9312332629942905,3.3881121421135,0.029826091,0.029850636144692844,-9.64993887,-0.17338726946396,2.5,0.08820947860292616,0,0,0,0,0,0
2003-11-01,0.827601298,118.0866928100586,59.83214537,28.75,-0.18922376472145214,4.771419039547881,4.09154306452273,3.3586377672433594,-0.18656367499999993,-0.2032893519232762,8.862347280000002,0.16030980152843943,-0.8599999999999994,-0.029474374870140707,0,0,0,0,0,0
2003-12-01,0.761957522,129.46507263183594,68.71494404,29.81,-0.27186447025614785,4.863411135354797,4.229966701628254,3.39484390768998,-0.06564377600000004,-0.08264070553469571,8.882798670000007,0.1384236371055243,1.0599999999999987,0.036206140446620516,0,0,0,0,0,0
2004-01-01,0.885071755,113.46759033203124,38.61809795,31.28,-0.12208655816489457,4.731517248409532,3.6537210253991286,3.4429789156771102,0.12311423300000002,0.1497779120912533,-30.096846090000007,-0.5762456762291257,1.4700000000000024,0.04813500798713033,0,0,0,0,0,0
2004-02-01,0.775676738,115.0759735107422,67.40422286,30.86,-0.2540194203325485,4.745592549461066,4.2107076696647985,3.4294608469350147,-0.10939501699999998,-0.13193286216765393,28.786124910000005,0.5569866442656699,-0.4200000000000017,-0.01351806874209549,0,0,0,0,0,0
2004-03-01,0.67279133,138.53207397460938,82.45697345,33.63,-0.39632005685113836,4.931101879860753,4.412276623355113,3.515418525752178,-0.10288540800000001,-0.14230063651858987,15.052750590000002,0.20156895369031425,2.770000000000003,0.08595767881716343,0,0,0,0,0,0
2004-04-01,0.744087087,149.6313934326172,43.6560779,33.59,-0.2955971985797902,5.008174892673635,3.77634251428769,3.5142284036242013,0.07129575700000002,0.10072285827134814,-38.80089555000001,-0.6359341090674229,-0.03999999999999915,-0.001190122127976867,0,0,0,0,0,0
2004-05-01,0.802745117,121.0911865234375,75.73579285,37.57,-0.21971802887125103,4.796543869408808,4.327250873663877,3.6262058595858777,0.05865802999999992,0.0758791697085392,32.079714949999996,0.5509083593761868,3.979999999999997,0.11197745596167641,0,0,0,0,0,0
2004-06-01,1.099983994,137.23391723632812,76.40351578,35.18,0.09529562878936847,4.921686894917703,4.336028713176503,3.560477739309412,0.29723887700000007,0.3150136576606195,0.6677229300000107,0.008777839512626784,-2.3900000000000006,-0.06572812027646568,0,0,0,0,0,0
2004-07-01,0.81128654,131.0198516845703,64.87805109,38.22,-0.2091339703757145,4.875348851297062,4.1725093706691805,3.643358938812127,-0.288697454,-0.30442959916508294,-11.525464690000007,-0.16351934250732292,3.039999999999999,0.08288119950271478,0,0,0,0,0,0
2004-08-01,1.36099168,140.36582946777344,44.4551359,42.74,0.3082136104985495,4.944252082110863,3.7944804985923866,3.755135249891002,0.5497051399999999,0.517347580874264,-20.422915189999998,-0.3780288720767939,4.520000000000003,0.11177631107887498,0,0,0,0,0,0
2004-09-01,1.205899924,153.87161254882812,57.56079751,43.2,0.18722611310393977,5.036118569957364,4.052841737204629,3.765840495250065,-0.15509175600000003,-0.12098749739460973,13.105661609999999,0.25836123861224225,0.46000000000000085,0.010705245359063031,0,0,0,0,0,0
2004-10-01,1.382125481,119.86279296875,106.964105,49.78,0.3236225178952005,4.786347696683716,4.672493310890448,3.907613296939446,0.1762255570000002,0.13639640479126075,49.40330749,0.619651573685819,6.579999999999998,0.1417728016893811,0,0,0,0,0,0
2004-11-01,1.425250354,122.70738983154295,61.64114862,43.11,0.35434748530700105,4.809802576729244,4.121329644606656,3.763754988759043,0.04312487300000001,0.03072496741180053,-45.32295638,-0.5511636662837915,-6.670000000000002,-0.1438583081804028,0,0,0,0,0,0
2004-12-01,1.355526377,109.89522552490234,62.72790324,39.6,0.3041898490073873,4.699527416652421,4.138806376394591,3.6788291182604347,-0.06972397700000021,-0.05015763629961373,1.0867546200000007,0.01747673178793452,-3.509999999999998,-0.08492587049860845,0,0,0,0,0,0
2005-01-01,1.035987919,100.88758850097656,66.64796341,44.51,0.03535548257238792,4.614006911874505,4.199424489668736,3.795713883027763,-0.3195384579999998,-0.2688343664349994,3.9200601699999993,0.06061811327414546,4.909999999999997,0.11688476476732834,0,0,0,0,0,0
2005-02-01,1.220470421,108.97796630859376,66.01685432,45.48,0.19923637540767278,4.691145717837444,4.189910077910293,3.8172726688823353,0.18448250199999983,0.16388089283528484,-0.6311090900000096,-0.009514411758443586,0.9699999999999989,0.02155878585457227,0,0,0,0,0,0
2005-03-01,1.375268968,90.41048431396484,63.7167658,53.1,0.31864932507969773,4.504360237597717,4.154447727319296,3.9721769282478934,0.15479854700000018,0.11941294967202495,-2.3000885199999956,-0.035462350590997005,7.6200000000000045,0.15490425936555807,0,0,0,0,0,0
2005-04-01,1.198695262,87.03240203857422,57.15721314,51.88,0.1812336836077722,4.466280486542047,4.04580559644971,3.948933359448243,-0.1765737060000001,-0.13741564147192553,-6.559552659999994,-0.10864213086958596,-1.2199999999999989,-0.023243568799650394,0,0,0,0,0,0
2005-05-01,1.293447544,98.20596313476562,56.46791712,48.65,0.25731116828471445,4.587066937903384,4.033672638286938,3.884651808632014,0.09475228199999997,0.07607748467694225,-0.6892960200000005,-0.012132958162771601,-3.230000000000004,-0.06428155081622888,0,0,0,0,0,0
2005-06-01,1.341918742,81.12405395507812,72.70385309,54.35,0.294100486790785,4.395979513385572,4.286394382997479,3.9954446135672184,0.048471198000000104,0.036789318506070534,16.235935969999993,0.25272174471054054,5.700000000000003,0.11079280493520427,0,0,0,0,0,0
2005-07-01,1.510375257,165.90191650390625,94.03488199,57.52,0.4123581345217388,5.111396749293062,4.5436657984349935,4.052132713412791,0.16845651499999992,0.11825764773095382,21.331028900000007,0.25727141543751486,3.1700000000000017,0.05668809984557299,0,0,0,0,0,0
2005-08-01,1.460373214,116.2276611328125,49.40855967,63.98,0.3786920290808763,4.755550863703538,3.900123681855966,4.158570534521372,-0.050002042999999885,-0.033666105440862515,-44.62632232,-0.6435421165790274,6.459999999999994,0.1064378211085808,0,0,0,0,0,0
2005-09-01,2.005413336,103.8076629638672,106.6390575,62.91,0.6958501921304554,4.642539792321621,4.66944983768436,4.141705133581938,0.5450401220000001,0.3171581630495791,57.230497830000004,0.7693261558283941,-1.0700000000000003,-0.016865400939433783,0,0,0,0,0,0
2005-10-01,1.327506852,87.06182861328125,47.23708926,58.54,0.2833026357025568,4.466618539961475,3.8551793734274304,4.06971028126374,-0.6779064840000002,-0.4125475564278986,-59.40196824000001,-0.8142704642569298,-4.369999999999997,-0.07199485231819835,0,0,0,0,0,0
2005-11-01,1.46939825,83.48009490966797,38.17054774,55.24,0.3848529632410333,4.424608219123399,3.6420642166672774,4.0116873285410914,0.14189139800000006,0.10155032753847648,-9.066541519999994,-0.21311515676015302,-3.299999999999997,-0.05802295272264857,0,0,0,0,0,0
2005-12-01,1.700582254,95.35025024414062,74.25979964,56.86,0.5309706947745699,4.557556956522697,4.307569750657494,4.040592106222854,0.23118400399999994,0.14611773153353663,36.089251899999994,0.665505533990217,1.6199999999999974,0.02890477768176236,0,0,0,0,0,0
2006-01-01,1.550730613,94.51001739501952,35.13993325,62.99,0.4387261831002138,4.548705833061752,3.5593381832124686,4.142975983633837,-0.14985164099999992,-0.09224451167435616,-39.11986639,-0.7482315674450257,6.130000000000003,0.10238387741098354,0,0,0,0,0,0
2006-02-01,1.777263388,95.85819244384766,50.27802138,60.21,0.5750747587854379,4.562869937345147,3.9175680309190954,4.097838451476356,0.2265327749999999,0.13634857568522413,15.13808813,0.3582298477066268,-2.780000000000001,-0.045137532157481175,0,0,0,0,0,0
2006-03-01,1.424621226,92.79762268066406,52.31544467,62.06,0.3539059720720643,4.530421021798759,3.9572916366535247,4.128101659020234,-0.352642162,-0.2211687867133736,2.0374232899999996,0.039723605734429235,1.8500000000000014,0.03026320754387779,0,0,0,0,0,0
2006-04-01,1.736610843,89.01580047607422,66.08489137,70.26,0.5519354224346584,4.48881388741398,4.190940148416333,4.252202646837681,0.31198961700000005,0.19802945036259412,13.769446699999996,0.2336485117628082,8.200000000000003,0.12410098781744683,0,0,0,0,0,0
2006-05-01,1.633659468,85.20877838134766,73.70336115,69.78,0.49082257080192865,4.445104461172697,4.300048403989841,4.245347435758628,-0.10295137499999996,-0.06111285163272978,7.618469780000012,0.10910825557350812,-0.480000000000004,-0.0068552110790527365,0,0,0,0,0,0
2006-06-01,1.776297798,102.57276916503906,154.3690114,68.56,0.5745313095674711,4.630572489761643,5.039345914079184,4.227709274289524,0.14263833000000004,0.08370873876554247,80.66565025,0.7392975100893429,-1.2199999999999989,-0.017638161469103686,0,0,0,0,0,0
2006-07-01,1.589562556,137.13482666015625,28.16192749,73.67,0.46345885636655765,4.920964578089095,3.3379709767456935,4.299595660694722,-0.18673524200000013,-0.11107245320091347,-126.20708391000001,-1.7013749373334903,5.109999999999999,0.07188638640519773,0,0,0,0,0,0
2006-08-01,1.538576302,147.08111572265625,54.90004867,73.23,0.4308575096102887,4.990984242226003,4.005514235036039,4.2936051730729785,-0.0509862539999999,-0.03260134675626897,26.738121179999997,0.6675432582903458,-0.4399999999999977,-0.00599048762174359,0,0,0,0,0,0
2006-09-01,1.38873777,111.72425842285156,39.54087432,61.96,0.32839525545227743,4.71603385727546,3.6773349297893483,4.1264890155486675,-0.14983853199999997,-0.10246225415801125,-15.359174349999996,-0.32817930524669103,-11.270000000000003,-0.16711615752431097,0,0,0,0,0,0
2006-10-01,1.203251296,113.1352996826172,68.82703309,57.81,0.18502730628340205,4.728584444793734,4.231596590585109,4.057161771094385,-0.18548647400000018,-0.14336794916887538,29.28615877,0.5542616607957611,-4.149999999999999,-0.06932724445428295,0,0,0,0,0,0
2006-11-01,1.119514915,88.77892303466797,108.0276738,58.76,0.11289547987993766,4.486149268612194,4.682387433189532,4.073461351305676,-0.0837363809999998,-0.0721318264034644,39.20064071,0.45079084260442226,0.9499999999999957,0.01629958021129152,0,0,0,0,0,0
2006-12-01,1.291149521,90.60655975341795,78.90933271,62.47,0.2555329231286875,4.506526613887289,4.36829950615452,4.134686441505479,0.1716346059999998,0.14263744324874983,-29.11834109,-0.3140879270350121,3.710000000000001,0.0612250901998026,0,0,0,0,0,0
2007-01-01,1.130774408,97.9200439453125,144.0540974,53.68,0.12290271481607389,4.584151267551829,4.970188905416183,3.9830404926634264,-0.16037511299999996,-0.13263020831261357,65.14476468999999,0.6018893992616636,-8.79,-0.1516459488420523,0,0,0,0,0,0
2007-02-01,1.252432863,96.16935729980467,103.0612095,57.56,0.22508795014501343,4.566110775742765,4.635323078713224,4.052827882019167,0.12165845499999994,0.10218523532893954,-40.992887899999985,-0.33486582670295917,3.8800000000000026,0.06978738935574036,0,0,0,0,0,0
2007-03-01,1.239169716,87.33650207519531,144.2987446,62.05,0.21444157147457962,4.469768497738527,4.9718857658112805,4.127940511650616,-0.013263146999999975,-0.010646378670433804,41.23753509999999,0.3365626870980565,4.489999999999995,0.07511262963144905,0,0,0,0,0,0
2007-04-01,1.035773731,76.6133804321289,95.45865419,67.49,0.03514871361249017,4.33877174076251,4.5586932133220746,4.211979438755315,-0.203395985,-0.17929285786208946,-48.84009040999999,-0.41319255248920594,5.439999999999998,0.08403892710469929,0,0,0,0,0,0
2007-05-01,1.012514162,92.5995864868164,73.13173818,67.21,0.01243650706123156,4.528284676057027,4.292262447358116,4.2078220459818745,-0.023259568999999924,-0.022712206551258607,-22.326916010000005,-0.26643076596395865,-0.28000000000000114,-0.004157392773440627,0,0,0,0,0,0
2007-06-01,1.35381788,97.9723129272461,139.3785174,71.05,0.3029286602735846,4.584684917603403,4.937193378846609,4.263383854543109,0.34130371800000003,0.29049215321235305,66.24677922,0.644930931488493,3.8400000000000034,0.05556180856123483,0,0,0,0,0,0
2007-07-01,0.895207495,112.34625244140624,95.55404747,76.93,-0.11069974958872848,4.721585641968257,4.5596920294960945,4.342895917470844,-0.45861038500000006,-0.4136284098623131,-43.82446992999999,-0.3775013493505144,5.88000000000001,0.07951206292773438,0,0,0,0,0,0
2007-08-01,1.091878409,83.17320251464844,58.33753402,70.76,0.08789952405357107,4.420925210786121,4.06624569443411,4.259293869291585,0.19667091400000003,0.19859927364229957,-37.21651345,-0.4934463350619849,-6.170000000000002,-0.08360204817925876,0,0,0,0,0,0
2007-09-01,1.61597472,94.4888687133789,78.43022502,77.17,0.47993831641218543,4.54848203616893,4.3622093762756675,4.346010780469512,0.5240963110000001,0.3920387923586144,20.092690999999995,0.29596368184155786,6.409999999999997,0.0867169111779269,0,0,0,0,0,0
2007-10-01,1.324974622,101.47301483154295,88.06308914,82.34,0.28139330604721335,4.619792899405175,4.478053479657812,4.410857016341759,-0.29100009800000004,-0.19854501036497207,9.632864120000008,0.11584410338214468,5.170000000000002,0.06484623587224725,0,0,0,0,0,0
2007-11-01,1.00029983,89.79544830322266,110.1625404,92.41,0.00029978505996812867,4.497534286977004,4.701956915156678,4.526235197899949,-0.32467479200000016,-0.2810935209872452,22.099451259999995,0.22390343549886538,10.069999999999993,0.11537818155818957,0,0,0,0,0,0
2007-12-01,1.001067284,94.96749114990234,163.2573241,90.93,0.0010667148573534596,4.55353463461522,5.095327631468697,4.510089979737821,0.0007674540000000007,0.0007669297973853309,53.09478370000001,0.3933707163120195,-1.4799999999999898,-0.01614521816212733,0,0,0,1,0,0
2008-01-01,1.167730946,81.49982452392578,94.64850879,92.18,0.15506250341831862,4.400600867163834,4.550170122539145,4.523743187292363,0.16666366200000016,0.15399578856096516,-68.60881531000001,-0.5451575089295524,1.25,0.013653207554541247,0,0,0,1,0,0
2008-02-01,1.045795237,80.75146484375,96.94351639,94.99,0.044777588353413306,4.391376102418105,4.574128503640099,4.553771622902091,-0.12193570899999995,-0.11028491506490531,2.2950076000000053,0.023958381100954718,2.809999999999988,0.030028435609728454,0,0,0,1,0,0
2008-03-01,0.894534894,77.63613891601562,55.12816288,103.64,-0.11145136729169872,4.352033026461621,4.009660708628978,4.640923355693909,-0.15126034300000013,-0.15622895564511202,-41.81535351,-0.5644677950111214,8.650000000000006,0.08715173279181787,0,0,0,1,0,0
2008-04-01,1.012959199,71.9048080444336,93.90177954,109.07,0.012875947061510731,4.275343133762894,4.542249337472341,4.691989877940651,0.11842430500000001,0.12432731435320944,38.77361666000001,0.5325886288433628,5.429999999999993,0.05106652224674235,0,0,0,1,0,0
2008-05-01,1.021929903,72.57379913330078,85.66721683,122.8,0.02169290136662163,4.28460396321232,4.450470218346566,4.810557015713042,0.008970703999999996,0.008816954305110898,-8.234562710000006,-0.09177911912577486,13.730000000000004,0.11856713777239047,0,0,0,1,0,0
2008-06-01,1.012414531,87.54842376708984,77.59509203,132.32,0.012338102608348934,4.472192054767276,4.351504178152912,4.885223231275381,-0.009515372000000077,-0.009354798758272696,-8.072124799999997,-0.09896604019365363,9.519999999999996,0.07466621556233921,0,0,0,1,0,0
2008-07-01,1.314042715,89.73957061767578,109.0399252,132.72,0.273108427144408,4.496911815799103,4.6917141014012484,4.888241645882189,0.30162818400000013,0.26077032453605903,31.444833169999995,0.3402099232483362,0.4000000000000057,0.003018414606808406,0,0,0,1,0,0
2008-08-01,1.048399485,88.55410766601562,90.8978408,113.24,0.0472647012422702,4.483613751250245,4.509736247325955,4.7295094602436984,-0.26564323,-0.22584372590213778,-18.1420844,-0.18197785407529388,-19.480000000000004,-0.1587321856384909,0,0,0,1,0,0
2008-09-01,1.13039109,88.54255676269531,100.1195376,97.23,0.12256367019151114,4.483483303809307,4.606364848095057,4.577079305821566,0.08199160500000002,0.07529896894924093,9.221696800000004,0.09662860076910285,-16.00999999999999,-0.1524301544221327,0,0,0,1,0,0
2008-10-01,1.573520333,64.15979766845703,132.771247,71.58,0.4533153595869118,4.161376810006794,4.8886277000456735,4.2708157053378795,0.443129243,0.33075168939540067,32.65170939999999,0.28226285195061607,-25.650000000000006,-0.3062636004836863,0,0,0,1,0,0
2008-11-01,1.735455497,79.08097076416016,103.917627,52.45,0.5512699132366734,4.3704722739498845,4.6435985372286455,3.9598603348423063,0.16193516399999996,0.09795455364976158,-28.853619999999992,-0.24502916281702802,-19.129999999999995,-0.3109553704955732,0,0,0,1,0,0
2008-12-01,1.534214104,92.3664321899414,124.9957876,39.95,0.42801826556559236,4.525763624654924,4.82828003753447,3.6876286722122837,-0.2012413930000001,-0.12325164767108104,21.078160600000004,0.18468150030582464,-12.5,-0.2722316626300225,0,0,0,1,0,0
2009-01-01,1.46128641,85.36947631835938,104.2598946,43.44,0.3793171505168139,4.446988616744989,4.6468867684052455,3.77138067562568,-0.07292769399999988,-0.04870111504877844,-20.735893000000004,-0.1813932691292246,3.489999999999995,0.08375200341339628,0,0,0,1,0,0
2009-02-01,1.301926951,67.45267486572266,149.8963892,43.32,0.2638454369896864,4.211426238883349,5.009944316759724,3.76861442213279,-0.15935945900000004,-0.11547171352712754,45.63649459999999,0.3630575483544787,-0.11999999999999744,-0.0027662534928900584,0,0,0,1,0,0
2009-03-01,1.336700003,72.64462280273438,128.8941015,46.54,0.2902038922396234,4.285579372173589,4.858991148618822,3.8403121578741457,0.034773052000000026,0.02635845524993702,-21.002287699999982,-0.15095316814090243,3.219999999999999,0.07169773574135574,0,0,0,1,0,0
2009-04-01,0.599378271,85.6884994506836,84.95848139,50.18,-0.5118623760079181,4.450718621157455,4.442162682922392,3.9156165409382764,-0.7373217320000001,-0.8020662682475415,-43.93562011,-0.4168284656964296,3.6400000000000006,0.07530438306413068,0,0,0,1,0,0
2009-05-01,0.556881835,89.68086242675781,87.87758408,57.3,-0.5854022069827792,4.49625739542995,4.475944756014261,4.048300623720694,-0.04249643599999997,-0.07353983097486116,2.9191026900000026,0.03378207309186898,7.119999999999997,0.1326840827824176,0,0,0,1,0,0
2009-06-01,0.671259234,81.10958862304688,88.24678604,68.61,-0.39859987682910036,4.395801186229259,4.480137276340027,4.2284382967028,0.11437739899999999,0.18680233015367886,0.36920195999999805,0.004192520325766225,11.310000000000002,0.1801376729821058,0,0,0,1,0,0
2009-07-01,0.619068447,83.43962097167969,71.64657962,64.44,-0.4795394356740257,4.424123268156788,4.271745415800455,4.165734558308774,-0.052190787000000016,-0.08093955884492532,-16.600206420000006,-0.2083918605395727,-4.170000000000002,-0.06270373839402588,0,0,0,1,0,0
2009-08-01,0.632369358,73.37187957763672,77.37370337,72.51,-0.4582816283311657,4.2955407501930125,4.34864697312606,4.2837244833835015,0.013300911000000082,0.02125780734285998,5.727123750000004,0.07690155732560555,8.070000000000007,0.11798992507472761,0,0,0,0,0,0
2009-09-01,0.625701885,92.8399887084961,97.78104702,67.65,-0.4688812433564981,4.530877459782964,4.5827307650088995,4.214347354616797,-0.006667473000000035,-0.01059961502533241,20.40734365,0.23408379188283934,-4.859999999999999,-0.06937712876670421,0,0,0,0,0,0
2009-10-01,0.607550702,90.57640075683594,95.41781309,72.77,-0.4983196471677278,4.506193701821213,4.558265281045192,4.287303782358995,-0.01815118299999996,-0.029438403811229696,-2.363233930000007,-0.024465483963707513,5.11999999999999,0.07295642774219768,0,0,0,0,0,0
2009-11-01,0.557964161,82.10176086425781,94.59573833,76.66,-0.5834605462620729,4.407959464026893,4.549612425677329,4.339380059952409,-0.04958654100000004,-0.08514089909434508,-0.8220747599999925,-0.00865285536786331,3.8900000000000006,0.0520762775934136,0,0,0,0,0,0
2009-12-01,0.626742962,92.94691467285156,108.599606,74.46,-0.4672187713645821,4.532028520209886,4.687667779500621,4.310262068444571,0.068778801,0.11624177489749077,14.003867669999991,0.13805535382329204,-2.200000000000003,-0.029117991507837893,0,0,0,0,0,0
2010-01-01,0.590090026,91.58102416992188,110.484442,76.17,-0.5274801672818208,4.517224090502537,4.704874714664976,4.3329676843846965,-0.03665293599999997,-0.06026139591723867,1.884836000000007,0.017206935164355563,1.710000000000008,0.022705615940125767,0,0,0,0,0,0
2010-02-01,0.603852793,80.72535705566406,62.89395715,73.75,-0.5044248309505917,4.391052739745911,4.1414500883440875,4.300680995219929,0.013762767000000009,0.023055336331229137,-47.59048485,-0.5634246263208889,-2.4200000000000017,-0.03228668916476707,0,0,0,0,0,0
2010-03-01,0.633746539,74.116943359375,78.89089656,78.83,-0.45610618523564045,4.3056441614865975,4.368065841727425,4.367293635071817,0.029893745999999943,0.0483186457149512,15.996939410000003,0.22661575338333773,5.079999999999998,0.06661263985188715,0,0,0,0,0,0
2010-04-01,0.578349881,88.76158142089844,106.3566412,84.82,-0.5475762629985069,4.4859539147251715,4.666797986334994,4.4405313640464446,-0.05539665800000004,-0.09147007776286648,27.465744639999997,0.2987321446075688,5.989999999999995,0.07323772897462799,0,0,0,0,0,0
2010-05-01,0.72230104,88.95870971679688,160.3571125,75.95,-0.3253132740814328,4.488172326314318,5.0774032812515015,4.330075229041782,0.143951159,0.22226298891707413,54.0004713,0.41060529491650755,-8.86999999999999,-0.11045613500466267,0,0,0,0,0,0
2010-06-01,0.922544166,96.45369720458984,133.244876,74.76,-0.08062002779072992,4.569063071479571,4.892188608272807,4.314282982587362,0.20024312600000005,0.24469324629070288,-27.112236499999995,-0.18521467297869432,-1.1899999999999977,-0.01579224645441979,0,0,0,0,0,0
2010-07-01,0.886718841,79.38137817382812,101.4714332,75.58,-0.12022732437261442,4.374263808930436,4.619777312562979,4.325191697921343,-0.03582532500000002,-0.0396072965818845,-31.773442799999998,-0.27241129570982814,0.8199999999999932,0.010908715333981078,0,0,0,0,0,0
2010-08-01,0.749111502,80.99386596679688,117.5594535,77.04,-0.28886743872086745,4.394373422999891,4.766944192849881,4.34432476748987,-0.137607339,-0.16864011434825305,16.088020299999997,0.1471668802869015,1.460000000000008,0.019133069568527006,0,0,0,0,0,0
2010-09-01,0.606669076,71.16854858398438,130.1349564,77.84,-0.4997718161587204,4.265050987453997,4.868572038129114,4.354655437877749,-0.142442426,-0.21090437743785295,12.57550289999999,0.10162784527923385,0.7999999999999972,0.01033067038787916,0,0,0,0,0,0
2010-10-01,0.626849522,65.99193572998047,111.2400513,82.67,-0.46704876396326683,4.189532548651733,4.711690490530707,4.414856779264584,0.02018044600000002,0.03272305219545357,-18.89490509999999,-0.15688154759840778,4.829999999999998,0.06020134138683453,0,0,0,0,0,0
2010-11-01,0.462359347,94.70516967773438,136.9150292,85.28,-0.7714128828764727,4.550768588752043,4.9193605085916285,4.445939960417534,-0.16449017500000002,-0.30436411891320586,25.674977899999988,0.2076700180609219,2.6099999999999994,0.031083181152950168,0,0,0,0,0,0
2010-12-01,0.572710832,97.20389556884766,101.3182573,91.45,-0.5573743458446557,4.5768107885321,4.618266625025032,4.515792374836875,0.11035148499999997,0.21403853703181697,-35.59677189999999,-0.3010938835665966,6.170000000000002,0.06985241441934065,0,0,0,0,0,0
2011-01-01,0.658499714,79.42161560058594,127.3389565,96.52,-0.4177911921193209,4.374770567986579,4.846852479958162,4.569750240756831,0.08578888200000001,0.1395831537253348,26.020699199999996,0.22858585493313033,5.069999999999993,0.05395786591995666,0,0,0,0,0,0
2011-02-01,0.590598723,90.01448822021484,98.93989728,103.72,-0.5266184718825764,4.499970637598948,4.594512567594051,4.641694960670463,-0.06790099099999991,-0.10882727976325546,-28.399059219999998,-0.25233991236411146,7.200000000000003,0.07194471991363205,0,0,0,0,0,0
2011-03-01,0.713696595,136.8883056640625,158.3348152,114.64,-0.3372973439286441,4.919165306177198,5.06471187448063,4.741796783519916,0.123097872,0.1893211279539323,59.39491792000001,0.4701993068865793,10.920000000000002,0.10010182284945301,0,0,1,0,0,0
2011-04-01,0.846846237,91.01776885986328,156.5996617,123.26,-0.16623613918088748,4.511054749651969,5.053692623273399,4.814295945534097,0.1331496419999999,0.1710612047477566,-1.7351534999999956,-0.011019251207231129,8.620000000000005,0.07249916201418038,0,0,0,0,0,0
2011-05-01,0.909766537,105.34491729736328,91.33076941,114.99,-0.09456726513377994,4.657239893214125,4.514487745172645,4.744845168060573,0.06292030000000004,0.07166887404710753,-65.26889229000001,-0.5392048781007537,-8.27000000000001,-0.06945077747352357,0,0,0,0,0,0
2011-06-01,0.714642492,84.391845703125,59.11603107,113.83,-0.3359728725242202,4.4354707820425086,4.07950214092902,4.734706107337125,-0.19512404500000002,-0.24140560739044026,-32.214738340000004,-0.4349856042436251,-1.1599999999999966,-0.010139060723448168,0,0,0,0,0,0
2011-07-01,0.925261293,78.92475891113281,91.92938524,116.97,-0.0776791024404509,4.368494979781586,4.521020730591256,4.761917491662616,0.21061880100000008,0.2582937700837693,32.813354170000004,0.4415185896622358,3.1400000000000006,0.02721138432549086,0,0,0,0,0,0
2011-08-01,0.760886819,86.95156860351562,110.5044995,110.22,-0.27327065885678703,4.46535128093102,4.705056239585806,4.70247836845509,-0.16437447400000005,-0.19559155641633613,18.575114259999992,0.18403550899455023,-6.75,-0.0594391232075262,0,0,0,0,0,0
2011-09-01,0.839312432,83.35044860839844,146.1423927,112.83,-0.17517225565943711,4.423053991406655,4.984581438885398,4.725882261150355,0.07842561300000006,0.09809840319734991,35.63789319999999,0.2795251992995915,2.6099999999999994,0.023403892695265327,0,0,0,0,0,0
2011-10-01,0.703412669,76.33993530273438,119.1632996,109.55,-0.3518115480154564,4.335196199828309,4.780494817961874,4.696381066041475,-0.13589976300000006,-0.17663929235601927,-26.979093099999986,-0.20408662092352348,-3.280000000000001,-0.02950119510887994,0,0,0,0,0,0
2011-11-01,0.683220123,83.15767669677734,99.35573803,110.77,-0.380938182901726,4.420738524850356,4.598706723042158,4.7074559795288415,-0.020192545999999978,-0.029126634886269598,-19.807561570000004,-0.1817880949197166,1.2199999999999989,0.011074913487366445,0,0,0,0,0,0
2011-12-01,0.797416713,85.34132385253906,116.1878298,107.87,-0.226377884886581,4.446658790324547,4.755208103992965,4.680926798387338,0.11419659000000004,0.15456029801514498,16.832091770000005,0.15650138095080735,-2.8999999999999915,-0.0265291811415036,0,0,0,0,0,0
2012-01-01,0.723871651,79.63497161865234,80.74488538,110.69,-0.32314117993626557,4.377453338310793,4.3912946211494015,4.706733501397532,-0.0735450620000001,-0.09676329504968456,-35.44294442,-0.3639134828435635,2.819999999999993,0.025806703010194276,0,0,0,0,0,0
2012-02-01,0.705638092,92.4458236694336,112.6796531,119.33,-0.3486527904859362,4.526622782874779,4.724548864373685,4.781892764381564,-0.0182335589999999,-0.02551161054967066,31.934767719999996,0.33325424322428354,8.64,0.07515926298403208,0,0,0,0,0,0
2012-03-01,0.748472803,88.75997924804688,63.93076739,125.45,-0.28972041111993974,4.485935864265885,4.157800738304278,4.8319072728124315,0.042834710999999914,0.05893237936599649,-48.748885709999996,-0.5667481260694069,6.1200000000000045,0.05001450843086719,0,0,0,0,0,0
2012-04-01,1.021142059,96.01668548583984,73.02971107,119.75,0.02092166662432724,4.564521983509289,4.2908663593048715,4.785406236291025,0.272669256,0.310642077744267,9.098943680000005,0.13306562100059338,-5.700000000000003,-0.04650103652140647,0,0,0,0,0,0
2012-05-01,0.676375338,78.17115783691406,117.7498969,110.34,-0.3910071232965756,4.35890075390346,4.76856285731228,4.703566507844284,-0.34476672099999994,-0.41192878992090287,44.72018582999999,0.47769649800740854,-9.409999999999997,-0.0818397284467407,0,0,0,0,0,0
2012-06-01,1.336301578,77.82243347167969,111.2162288,95.16,0.2899057816767395,4.354429737585096,4.711476313613963,4.555559685434757,0.65992624,0.6809129049733151,-6.5336681,-0.05708654369831745,-15.180000000000007,-0.14800682240952767,0,0,0,0,0,0
2012-07-01,1.657360686,82.80802154541016,108.9114695,102.62,0.5052263888666914,4.416524935266544,4.690535345788782,4.631032845513819,0.32105910800000004,0.21532060718995183,-2.3047593000000006,-0.0209409678251804,7.460000000000008,0.07547316007906257,0,0,0,0,0,0
2012-08-01,1.550365583,74.87835693359375,119.2321322,113.36,0.43849076312055835,4.315864889268253,4.781072283741257,4.730568595382425,-0.10699510300000004,-0.06673562574613301,10.3206627,0.09053693795247497,10.739999999999995,0.0995357498686058,0,0,0,0,0,0
2012-09-01,1.099003693,69.28050994873047,91.57525933,112.86,0.09440403574340894,4.238163624918927,4.5171611405473,4.726148112540994,-0.45136189000000004,-0.3440867273771494,-27.65687287,-0.26391114319395736,-0.5,-0.004420482841431372,0,0,0,0,0,0
2012-10-01,1.099162648,81.66366577148438,83.92417188,111.71,0.09454866083143101,4.402609175546186,4.429913675435825,4.715906227582757,0.00015895500000007168,0.0001446250880220712,-7.6510874499999915,-0.08724746511147519,-1.1500000000000057,-0.01024188495823708,0,0,0,0,0,0
2012-11-01,1.446981171,81.38964080810547,146.0921831,109.06,0.36947943512515424,4.399248002110211,4.984237813560732,4.691898189497915,0.34781852299999994,0.27493077429372326,62.16801122,0.5543241381249073,-2.6499999999999915,-0.02400803808484131,0,0,0,0,0,0
2012-12-01,1.185201733,74.83155822753906,92.05358948,109.49,0.16991299891667658,4.315239697442733,4.522370901812885,4.6958332208853335,-0.26177943800000003,-0.19956643620847767,-54.03859362,-0.46186691174784666,0.4299999999999926,0.003935031387418242,0,0,0,0,0,0
2013-01-01,1.104404314,90.6574935913086,103.7850054,112.96,0.0993061072596413,4.507088598884218,4.642321503649523,4.727033773744932,-0.08079741900000004,-0.07060689165703528,11.731415920000003,0.11995060183663764,3.469999999999999,0.03120055285959822,0,0,0,0,0,0
2013-02-01,1.509625761,81.59033203125,66.40136197,116.05,0.4118617797119752,4.401710774941559,4.195717567868414,4.754021132720446,0.40522144699999996,0.3125556724523339,-37.383643430000006,-0.44660393578110913,3.0900000000000034,0.026987358975514297,0,0,0,0,0,0
2013-03-01,1.04328512,75.89672088623047,58.07249263,108.47,0.042374503953577496,4.329373480388337,4.061692103036515,4.686473637052126,-0.46634064099999994,-0.3694872757583977,-8.328869339999997,-0.1340254648318986,-7.579999999999998,-0.06754749566831997,0,0,0,0,0,0
2013-04-01,1.570335018,95.10787200927734,93.14080833,102.25,0.45128898385753985,4.5550117422483805,4.534112416172359,4.627420794922911,0.527049898,0.40891447990396235,35.0683157,0.472420313135844,-6.219999999999999,-0.05905284212921469,0,0,0,0,0,0
2013-05-01,0.952787606,83.71731567382812,38.09209394,102.56,-0.048363269002141496,4.427445833922677,3.64000675246338,4.63044799317236,-0.617547412,-0.49965225285968135,-55.04871439,-0.894105663708979,0.3100000000000023,0.003027198249448304,0,0,0,0,0,0
2013-06-01,0.895257144,82.97300720214844,68.2699011,102.92,-0.11064429024154976,4.41851534047097,4.223468982769406,4.6339519874135435,-0.057530462000000004,-0.06228102123940826,30.17780716,0.5834622303060257,0.35999999999999943,0.003503994241183861,0,0,0,0,0,0
2013-07-01,1.074463827,73.97581481933594,101.9347457,107.93,0.07182177157330387,4.303738213018932,4.624332860518958,4.681482868837255,0.17920668299999998,0.18246606181485364,33.664844599999995,0.40086387774955234,5.010000000000005,0.04753088142371187,0,0,0,0,0,0
2013-08-01,0.99419741,90.95674896240234,50.58586036,111.28,-0.005819490434594067,4.510384107405151,3.923672097717229,4.712049547615187,-0.08026641700000003,-0.07764126200789793,-51.348885339999995,-0.7006607628017294,3.3499999999999943,0.030566678777931955,0,0,0,0,0,0
2013-09-01,0.860581304,100.4593276977539,106.1156416,111.6,-0.15014718319195622,4.60975294606134,4.6645294579398815,4.71492104994721,-0.13361610599999996,-0.14432769275736215,55.529781240000005,0.7408573602226527,0.3199999999999932,0.002871502332022935,0,0,0,0,0,0
2013-10-01,1.384413096,72.95311737060547,100.5703927,109.08,0.3252762924280397,4.289817007031853,4.610857907191731,4.692081557977388,0.5238317920000001,0.47542347561999587,-5.545248900000004,-0.053671550748150665,-2.519999999999996,-0.02283949196982249,0,0,0,0,0,0
2013-11-01,1.089276024,77.77902221679688,43.91390436,107.79,0.08551327739859228,4.353871757509434,3.7822309979516184,4.680184889793537,-0.29513707200000017,-0.2397630150294474,-56.65648834,-0.8286269092401124,-1.289999999999992,-0.0118966681838506,0,0,0,0,0,0
2013-12-01,1.238242609,70.37248992919922,99.90745339,110.76,0.2136931235606634,4.253802418743119,4.60424429137994,4.707365698302761,0.14896658500000015,0.12817984616207112,55.993549030000004,0.8220132934283217,2.969999999999999,0.027180808509223553,0,0,0,0,0,0
2014-01-01,1.221547223,77.91596984863281,82.38285245,108.12,0.2001182708128391,4.355630936341545,4.411377313924388,4.683241721408247,-0.01669538600000009,-0.0135748527478243,-17.52460094,-0.19286697745555248,-2.6400000000000006,-0.024123976894514065,0,0,0,0,0,0
2014-02-01,1.593788135,69.00352478027344,104.5889229,108.9,0.4661136574814702,4.234157587064606,4.650037646405472,4.690430029938915,0.3722409120000001,0.2659953866686311,22.20607045,0.23866033248108387,0.7800000000000011,0.007188308530667875,0,0,0,0,0,0
2014-03-01,1.43136619,119.83855438232422,60.8667026,107.48,0.3586293658114573,4.786145456798323,4.10868626985403,4.6773047837472905,-0.16242194499999996,-0.10748429167001289,-43.7222203,-0.5413513765514413,-1.4200000000000017,-0.01312524619162403,0,0,0,0,0,0
2014-04-01,0.98431018,93.22154235839844,87.16055423,107.76,-0.015814208025161286,4.53497883616707,4.467751868821691,4.679906532102109,-0.44705601000000006,-0.37444357383661864,26.29385163,0.35906559896766055,0.28000000000000114,0.0026017483548184117,0,0,0,0,0,0
2014-05-01,1.463477457,83.4288558959961,88.98038157,109.54,0.3808154235463719,4.423994243479383,4.488415913635728,4.696289779355575,0.47916727699999995,0.3966296315715332,1.8198273400000033,0.02066404481403694,1.7800000000000011,0.01638324725346596,0,0,0,0,0,0
2014-06-01,1.213636866,98.76710510253906,72.20944563,111.8,0.19362152598038668,4.592764605009276,4.279570863242096,4.716711560720999,-0.2498405909999999,-0.1871938975659852,-16.77093594,-0.20884505039363166,2.259999999999991,0.02042178136542372,0,0,0,0,0,0
2014-07-01,1.216353498,138.7539520263672,63.40941328,106.77,0.19585744688939719,4.932702235293825,4.1496123248698895,4.670676988190211,0.00271663199999983,0.002235920909010508,-8.800032350000002,-0.1299585383722066,-5.030000000000001,-0.0460345725307878,0,0,0,0,0,0
2014-08-01,1.678603609,136.44558715820312,96.42634615,101.61,0.5179622626702363,4.9159259062737695,4.568779464587976,4.62114195549779,0.46225011100000013,0.32210481578083905,33.01693287,0.4191671397180867,-5.159999999999997,-0.04953503269242088,0,0,0,0,0,0
2014-09-01,1.013949339,131.55665588378906,78.26364072,97.09,0.013852942382410707,4.879437602054258,4.360083136528216,4.575638383382054,-0.66465427,-0.5041093202878255,-18.162705430000003,-0.20869632805976046,-4.519999999999996,-0.04550357211573619,0,0,0,0,0,0
2014-10-01,1.022137948,83.66100311279297,54.67273781,87.43,0.0218964611463193,4.426772956293507,4.001365190489661,4.470838473192799,0.008188608999999847,0.008043518763908592,-23.590902909999997,-0.35871794603855456,-9.659999999999997,-0.1047999101892545,0,0,0,0,0,0
2014-11-01,1.629255573,84.38005065917969,131.020044,79.44,0.48812320681679955,4.435331007065527,4.875350319130265,4.375002019736917,0.6071176250000001,0.4662267456704802,76.34730619000001,0.8739851286406042,-7.990000000000009,-0.09583645345588199,0,0,0,0,0,0
2014-12-01,1.917345833,86.5262222290039,78.02819956,62.34,0.650941851027021,4.460447515154133,4.357070294172861,4.132603274339191,0.28809025999999993,0.1628186442102214,-52.99184444000001,-0.518280024957404,-17.099999999999994,-0.24239874539772632,0,0,0,0,0,0
2015-01-01,2.654278218,111.9856948852539,103.8572101,47.76,0.9761727601068001,4.7183711388988545,4.643016975933293,3.8661884690843467,0.736932385,0.32523090907977914,25.82901054,0.28594668176043125,-14.580000000000005,-0.2664148052548443,0,0,0,0,0,0
2015-02-01,3.045567621,111.92469787597656,89.55959068,58.1,1.1136872946269576,4.717826304779867,4.494904221376206,4.062165663857866,0.39128940300000004,0.1375145345201575,-14.297619420000004,-0.1481127545570864,10.340000000000003,0.19597719477351916,0,0,0,0,0,0
2015-03-01,2.027330728,104.23526763916016,80.16962581,55.89,0.7067200154826531,4.646650533082662,4.384144712587313,4.023385473281607,-1.018236893,-0.40696727914430453,-9.38996487,-0.11075950878889351,-2.210000000000001,-0.03878019057625881,0,0,0,0,0,0
2015-04-01,1.676594378,102.19049072265624,104.3895228,59.52,0.5167645800011584,4.6268386276740054,4.648129314090666,4.086312390524837,-0.3507363499999998,-0.18995543548149463,24.219896989999995,0.26398460150335357,3.6300000000000026,0.06292691724322985,0,0,0,0,0,0
2015-05-01,1.585718952,76.2623291015625,125.8811864,64.08,0.46103790196134803,4.334179095551841,4.835338497000855,4.160132302760104,-0.0908754260000002,-0.05572667803981041,21.49166360000001,0.1872091829101885,4.559999999999995,0.07381991223526718,0,0,0,0,0,0
2015-06-01,1.712223715,85.90596771240234,58.1676658,61.48,0.5377929438318947,4.453253299364076,4.063329629904212,4.118711918670395,0.12650476300000002,0.07675504187054666,-67.71352060000001,-0.772008867096643,-2.6000000000000014,-0.04142038408970894,0,0,0,0,0,0
2015-07-01,1.442489576,106.80866241455078,52.34319462,56.56,0.36637049303085323,4.6710390319874335,3.957821931158375,4.0353020215883175,-0.2697341389999999,-0.17142245080104146,-5.824471180000003,-0.10550769874583699,-4.919999999999995,-0.08340989708207758,0,0,0,0,0,0
2015-08-01,1.615992801,82.47853088378906,71.64043044,46.52,0.47994950526224817,4.4125380277628405,4.271659585549671,3.839882327650464,0.17350322499999993,0.11357901223139494,19.297235820000004,0.31383765439129574,-10.04,-0.19541969393785363,0,0,0,0,0,0
2015-09-01,1.333963515,98.7674560546875,104.818745,47.62,0.28815459704444935,4.592768158333276,4.65223262039641,3.8632528410587166,-0.282029286,-0.19179490821779882,33.178314560000004,0.38057303484673977,1.0999999999999943,0.02337051340825269,0,0,0,0,0,0
2015-10-01,1.392621341,91.931884765625,82.56443505,48.43,0.3311878279816308,4.521047919847863,4.413579019403805,3.880119456415138,0.05865782599999991,0.04303323093718148,-22.254309950000007,-0.23865360099260524,0.8100000000000023,0.0168666153564212,0,0,0,0,0,0
2015-11-01,1.362870805,150.71588134765625,100.6703263,44.27,0.30959336098775925,5.015396483939657,4.61185108201948,3.7903072467440495,-0.029750535999999883,-0.021594466993871575,18.10589125,0.19827206261567465,-4.159999999999997,-0.08981220967108827,0,0,0,0,0,0
2015-12-01,1.701863514,148.23687744140625,137.3122441,38.01,0.5317238353963035,4.998811517544554,4.922257486510866,3.6378492830011573,0.338992709,0.22213047440854428,36.64191779999999,0.31040640449138657,-6.260000000000005,-0.15245796374289222,0,0,0,0,1,0
2016-01-01,1.704630658,118.21114349365234,91.40321325,30.7,0.5333484643954561,4.7724723771242825,4.515280633750246,3.4242626545931514,0.002767143999999888,0.0016246289991526108,-45.90903084999999,-0.40697685276062057,-7.309999999999999,-0.2135866284080059,0,0,0,0,0,0
2016-02-01,1.789186109,103.74964904785156,49.12534465,32.18,0.581760828741365,4.641980776433776,3.8943750859408963,3.471345141564237,0.08455545100000017,0.0484123643459089,-42.27786859999999,-0.6209055478093495,1.4800000000000004,0.047082486971085746,0,0,0,0,0,0
2016-03-01,1.160561636,109.72029113769533,87.95350804,38.21,0.14890405691181605,4.697934319526467,4.476808357141949,3.6430972614588084,-0.6286244730000001,-0.43285677182954896,38.82816339,0.5824332712010527,6.030000000000001,0.1717521198945713,0,0,0,0,0,0
2016-04-01,1.480193415,85.22145080566406,108.1190625,41.58,0.3921727650481879,4.445253172166049,4.683233050449456,3.727619282429867,0.31963177900000006,0.24326870813637183,20.165554459999996,0.20642469330750668,3.3699999999999974,0.08452202097105843,0,0,0,0,0,0
2016-05-01,1.567086433,88.3324203491211,99.83579694,46.74,0.4492181201169218,4.481107201594372,4.603526805778243,3.844600329110712,0.08689301800000004,0.05704535506873393,-8.283265560000004,-0.0797062446712129,5.160000000000004,0.11698104668084497,0,0,0,0,0,0
2016-06-01,1.451374174,90.16812896728516,120.3796358,48.25,0.37251081384937723,4.501676027238696,4.790650380695543,3.876395827784995,-0.11571225900000015,-0.07670730626754457,20.543838860000008,0.18712357491730014,1.509999999999998,0.031795498674282996,0,0,0,0,0,0
2016-07-01,1.850642503,114.6104507446289,101.1825344,44.95,0.6155328777148426,4.741538993356898,4.616926156978627,3.8055507609176296,0.3992683290000001,0.24302206386546532,-19.197101400000008,-0.1737242237169161,-3.299999999999997,-0.07084506686736525,0,0,0,0,0,0
2016-08-01,1.64026916,98.73848724365234,77.09684887,45.84,0.4948603503207925,4.59247481211028,4.345062409046635,3.8251570724064843,-0.2103733430000001,-0.12067252739405004,-24.085685529999992,-0.27186374793199164,0.8900000000000006,0.019606311488854722,0,0,0,0,0,0
2016-09-01,0.986980664,104.54522705078124,107.3175953,46.57,-0.013104830419380093,4.649619772520552,4.675792618485664,3.840956556994286,-0.6532884959999999,-0.5079651807401726,30.22074642999999,0.33073020943902876,0.7299999999999969,0.015799484587801782,0,0,0,0,0,0
2016-10-01,1.298217072,85.74778747558594,104.6382294,49.52,0.26099184004686304,4.451410283679188,4.6505089666941695,3.9023766283763406,0.31123640799999996,0.27409667046624314,-2.6793658999999934,-0.0252836517914945,2.950000000000003,0.06142007138205452,0,0,0,0,0,0
2016-11-01,1.336126995,82.91875457763672,277.9767331,44.73,0.28977512673463024,4.41786126788938,5.627537416303216,3.8006444174447567,0.03790992300000018,0.028783286687767196,173.3385037,0.9770284496090467,-4.790000000000006,-0.10173221093158391,0,0,0,0,0,0
2016-12-01,1.41556613,102.1804656982422,223.5604902,53.31,0.34752954295258076,4.626740521518437,5.40968202709904,3.9761239308346696,0.07943913499999988,0.05775441621795052,-54.416242899999986,-0.21785538920417657,8.580000000000005,0.17547951338991297,0,0,0,0,0,0
2017-01-01,1.703876091,105.20123291015624,249.4481416,54.58,0.5329057092138517,4.655875019913226,5.519251044289317,3.9996675152801924,0.28830996099999995,0.18537616626127096,25.88765140000001,0.10956901719027723,1.269999999999996,0.023543584445522736,0,0,0,0,0,0
2017-02-01,1.306205943,114.20635986328124,247.5635413,54.87,0.26712670831529745,4.738006986242887,5.511667281583843,4.004966751070884,-0.397670148,-0.2657790008985543,-1.8846003000000167,-0.0075837627054742285,0.28999999999999915,0.005299235790691803,0,0,0,0,0,0
2017-03-01,1.166680763,96.63587951660156,208.660623,51.59,0.1541627623256932,4.570950095825118,5.340709118753759,3.9433278552565585,-0.13952517999999992,-0.11296394598960424,-38.90291830000001,-0.17095816283008336,-3.279999999999994,-0.06163889581432569,0,0,0,0,0,0
2017-04-01,1.454286554,119.45992279052734,162.8100619,52.31,0.37451543947357646,4.782980940983236,5.0925842569411275,3.95718755738252,0.28760579100000006,0.22035267714788326,-45.85056109999999,-0.24812486181263171,0.7199999999999989,0.013859702125961437,0,0,0,0,0,0
2017-05-01,0.932709372,102.57996368408205,188.2838042,50.33,-0.06966162505277772,4.630642627935734,5.2379504213426324,3.9186013207882686,-0.521577182,-0.4441770645263542,25.473742299999998,0.14536616440150496,-1.980000000000004,-0.03858623659425131,0,0,0,0,0,0
2017-06-01,1.046890716,126.7890167236328,201.6878786,46.37,0.045824548217118295,4.8425244193526975,5.306721346971869,3.8366526984033693,0.11418134400000002,0.11548617326989602,13.404074400000013,0.06877092562923615,-3.960000000000001,-0.0819486223848993,0,0,0,0,0,0
2017-07-01,0.967110224,102.81346130371094,150.6200572,48.48,-0.033442804502465014,4.632916290982469,5.014760488436777,3.881151341761059,-0.07978049200000004,-0.07926735271958331,-51.067821400000014,-0.29196085853509146,2.1099999999999994,0.044498643357689716,0,0,0,0,0,0
2017-08-01,1.126930329,138.5316162109375,125.4631782,51.7,0.11949741327093548,4.9310985754676615,4.832012314724591,3.9454577815143836,0.15982010499999988,0.1529402177734005,-25.15687899999999,-0.1827481737121861,3.220000000000006,0.06430643975332462,0,0,0,0,0,0
2017-09-01,0.928432289,115.5344467163086,102.3736787,56.15,-0.07425782599663282,4.749568725465189,4.628629635618638,4.0280266811844525,-0.19849803999999993,-0.1937552392675683,-23.089499500000002,-0.2033826791059532,4.449999999999996,0.08256889967006886,0,0,0,0,0,0
2017-10-01,1.14247059,91.4615707397461,107.9960189,57.51,0.13319310166058637,4.515918892144826,4.682094364407761,4.051958845725663,0.2140383010000001,0.20745092765721918,5.6223401999999965,0.05346472878912323,1.3599999999999994,0.023932164541210277,0,0,0,0,0,0
2017-11-01,0.945745756,92.59601593017578,150.3878823,62.71,-0.05578150292289469,4.5282461162144125,5.013217838455988,4.138520924554929,-0.19672483400000007,-0.18897460458348106,42.391863400000005,0.3311234740482272,5.200000000000003,0.08656207882926648,0,0,0,0,0,0
2017-12-01,1.037817735,82.71825408935547,141.8917263,64.37,0.03712017683998233,4.415440304267498,4.955064275912193,4.164647686064525,0.09207197899999997,0.09290167976287703,-8.496156000000013,-0.058153562543795445,1.6600000000000037,0.026126761509595475,0,0,0,0,0,0
2018-01-01,0.839927663,92.42678833007812,120.6551214,69.08,-0.17443950632911875,4.526416853622016,4.792936239574608,4.235265253278478,-0.19789007199999997,-0.2115596831691011,-21.23660489999999,-0.16212803633758455,4.709999999999994,0.07061756721395351,0,0,0,0,0,0
2018-02-01,1.142272557,64.49137115478516,117.812332,65.32,0.1330197491323112,4.166531434306345,4.769092951646618,4.179298268102264,0.3023448940000001,0.30745925546142994,-2.842789400000001,-0.023843287927990175,-3.760000000000005,-0.055966985176214123,0,0,0,0,0,0
2018-03-01,0.825832721,111.96229553222656,149.7899075,66.02,-0.19136304291963785,4.71816216758307,5.009233695649226,4.189957726425047,-0.31643983600000003,-0.3243827920519491,31.9775755,0.2401407440026082,0.7000000000000028,0.010659458322782811,0,0,0,0,0,0
2018-04-01,0.958359408,123.2634735107422,171.0598216,72.11,-0.042532406441110254,4.814324125493538,5.142013329243171,4.2781927309286685,0.13252668699999992,0.1488306364785276,21.269914099999994,0.13277963359394462,6.090000000000003,0.08823500450362154,0,0,0,0,0,0
2018-05-01,0.868958236,125.66661834716795,175.2114079,76.98,-0.14046021471055137,4.833632514274532,5.165993289966969,4.3435456478556,-0.08940117199999997,-0.09792780826944111,4.1515863000000195,0.023979960723798044,4.8700000000000045,0.06535291692693157,0,0,0,0,0,0
2018-06-01,1.137622216,103.96858978271484,150.5158108,74.41,0.1289403087087843,4.644088832203699,5.014068133820526,4.309590341409169,0.26866398,0.2694005234193357,-24.695597100000015,-0.15192515614644275,-2.5700000000000074,-0.03395530644643063,0,0,0,0,0,0
2018-07-01,1.172298855,110.02842712402344,196.5221071,74.25,0.15896665438272292,4.700738760805762,5.280774929306879,4.307437777682809,0.034676638999999954,0.03002634567393861,46.0062963,0.26670679548635245,-0.1599999999999966,-0.0021525637263604125,0,0,0,0,0,0
2018-08-01,1.135256472,112.74168395996094,143.6970221,72.53,0.12685859192660112,4.725099219209972,4.967707069836155,4.284000269375321,-0.03704238299999996,-0.0321080624561218,-52.825085,-0.31306785947072324,-1.7199999999999989,-0.02343750830748803,0,0,0,0,0,0
2018-09-01,1.073471964,75.05390930175781,79.47310311,78.89,0.07089822155411202,4.31820664602011,4.37541863875487,4.368054477106998,-0.06178450800000013,-0.055960370372489104,-64.22391899,-0.5922884310812853,6.359999999999999,0.08405420773167727,0,0,0,0,0,0
2018-10-01,0.994886026,92.0164794921875,103.7215692,81.03,-0.005127095118190772,4.52196768592317,4.641710089750003,4.394819456472634,-0.07858593799999991,-0.07602531667230279,24.248466090000008,0.26629145099513263,2.1400000000000006,0.02676497936563571,0,0,0,0,0,0
2018-11-01,0.893130864,80.40758514404297,156.1780515,64.75,-0.1130221646092725,4.387108514322538,5.05099671216746,4.1705337005796475,-0.10175516200000001,-0.10789506949108173,52.456482300000005,0.40928662241745695,-16.28,-0.2242857558929865,0,0,0,0,0,0
2018-12-01,1.123963995,90.607666015625,154.8508354,57.36,0.11686171804028499,4.506538823328379,5.042462301302948,4.0493471962913645,0.23083313100000002,0.2298838826495575,-1.3272161000000153,-0.008534410864511344,-7.390000000000001,-0.12118650428828293,0,0,0,0,0,0
2019-01-01,1.235619589,87.42410278320312,211.221614,59.41,0.2115725357728117,4.470771020193925,5.352907885610978,4.08446256236765,0.11165559399999991,0.09471081773252672,56.370778599999994,0.31044558430803004,2.049999999999997,0.03511536607628507,0,0,0,0,0,0
2019-02-01,1.548738719,96.80016326904295,263.6796844,63.96,0.4374408699960269,4.572648680944776,5.57473504981505,4.158257887965753,0.31311913,0.22586833422321517,52.4580704,0.2218271642040719,4.550000000000004,0.07379532559810364,0,0,0,0,0,0
2019-03-01,1.136741039,82.32829284667969,165.9910569,66.14,0.1281654306921317,4.410714825600145,5.1119339128088965,4.191773707553646,-0.41199768000000003,-0.30927543930389517,-97.6886275,-0.4628011370061538,2.1799999999999997,0.03351581958789307,0,0,0,0,0,0
2019-04-01,0.789609979,79.25344848632812,94.5296649,71.23,-0.23621615289814515,4.37265092583375,4.548913699524631,4.265914077990263,-0.34713105999999994,-0.36438158359027684,-71.46139199999999,-0.5630202132842657,5.090000000000003,0.07414037043661637,0,0,0,0,0,0
2019-05-01,1.468385695,106.4719009399414,116.1994316,71.32,0.3841636306971485,4.667881109397818,4.755307952839582,4.267176792994939,0.6787757160000001,0.6203797835952937,21.669766699999997,0.20639425331495076,0.0899999999999892,0.0012627150046764513,0,0,0,0,0,0
2019-06-01,1.044701873,106.58845520019533,173.196342,64.22,0.04373155571891204,4.668975205681071,5.154425875812923,4.162314688661368,-0.4236838220000001,-0.34043207497823647,56.99691039999999,0.3991179229733417,-7.099999999999994,-0.1048621043335709,0,0,0,0,0,0
2019-07-01,1.306371005,93.52125549316406,131.1424573,63.92,0.26725306784728825,4.538188741936447,4.8762841926498535,4.157632301458019,0.26166913199999997,0.2235215121283762,-42.0538847,-0.27814168316306986,-0.29999999999999716,-0.004682387203349236,0,0,0,0,0,0
2019-08-01,0.871273387,103.4044189453125,188.6663965,59.04,-0.1377994742260645,4.638647697576169,5.2399803575552495,4.078215180292217,-0.4350976179999999,-0.40505254207335273,57.5239392,0.363696164905396,-4.880000000000003,-0.07941712116580213,0,0,0,0,0,0
2019-09-01,0.785008134,90.36798858642578,346.612379,62.83,-0.242061199469972,4.503890096129654,5.8482070921659375,4.140432666414855,-0.08626525299999999,-0.1042617252439075,157.94598249999999,0.608226734610688,3.789999999999999,0.062217486122638554,0,0,0,0,0,0
2019-10-01,1.698826158,97.83673095703124,199.8493538,59.71,0.5299375172663813,4.583300078688986,5.297563851727036,4.089499510558901,0.9138180239999999,0.7719987167363533,-146.7630252,-0.5506432404389017,-3.1199999999999974,-0.05093315585595448,0,0,0,0,0,0
2019-11-01,1.019584938,73.07838439941406,170.0483914,63.21,0.019395620950921257,4.291532623977725,5.136083051837748,4.146462516484207,-0.67924122,-0.51054189631546,-29.800962399999975,-0.1614807998892882,3.5,0.05696300592530612,0,0,0,0,0,0
2019-12-01,1.246608877,74.27989196777344,242.8845589,67.31,0.22042696633629488,4.307840282091598,5.49258626420568,4.209308814022622,0.22702393899999995,0.20103134538537362,72.83616749999999,0.35650321236793214,4.100000000000001,0.06284629753841475,0,0,0,0,0,0
2020-01-01,1.284504283,138.4209442138672,209.3470847,63.65,0.2503728719335929,4.930299362759237,5.343993566884552,4.153399325003416,0.037895406000000076,0.02994590559729804,-33.53747419999999,-0.1485926973211278,-3.6600000000000037,-0.05590948901920623,0,0,0,0,0,0
2020-02-01,1.697321685,75.95555877685547,205.0062418,55.66,0.5290515292776573,4.330148416315542,5.3230404264797615,4.019261756097745,0.41281740199999994,0.2786786573440644,-4.340842900000013,-0.02095314040479046,-7.990000000000002,-0.13413756890567097,0,0,0,0,0,0
2020-03-01,1.276648982,81.54003143310547,276.603415,32.01,0.2442386622091809,4.40109408288411,5.62258476550296,3.4660483539817717,-0.4206727029999999,-0.2848128670684764,71.59717319999999,0.2995443390231989,-23.65,-0.5532134021159729,1,0,0,0,0,0
2020-04-01,2.525191414,69.33940124511719,245.285638,18.38,0.9263168673788305,4.239013305162156,5.502423400834543,2.911263116927541,1.248542432,0.6820782051696496,-31.317776999999978,-0.12016136466841765,-13.629999999999999,-0.5547852370542308,1,0,0,0,0,0
2020-05-01,2.132263365,68.50721740722656,221.9758722,29.38,0.7571840282241702,4.226939103326972,5.402568692181985,3.380314170745731,-0.392928049,-0.16913283915466026,-23.309765800000008,-0.09985470865255763,11.0,0.46905105381819023,1,0,0,0,0,0
2020-06-01,1.566653753,71.22785949707031,138.3028987,40.27,0.44894197724797397,4.265884026957102,4.92944619795938,3.695606774863363,-0.565609612,-0.3082420509761962,-83.67297350000001,-0.4731224942226051,10.890000000000004,0.3152926041176318,1,0,0,0,0,0
2020-07-01,0.950590637,66.47328186035156,133.1777329,43.24,-0.05067176441942876,4.196800090391924,4.891684573711336,3.7667659927710075,-0.616063116,-0.49961374166740274,-5.125165799999991,-0.03776162424804408,2.969999999999999,0.07115921790764457,1,0,0,0,0,0
2020-08-01,1.158503656,65.46604919433594,202.7847937,44.74,0.1471292206902344,4.181531675349363,5.312145287150332,3.8008679560619836,0.20791301899999992,0.19780098510966315,69.6070608,0.42046071343899616,1.5,0.034101963290976034,1,0,0,0,0,0
2020-09-01,1.115086532,80.37738037109375,184.3543472,40.91,0.10893200907568903,4.386732797933785,5.216859705633474,3.711374531941307,-0.04341712399999986,-0.03819721161454537,-18.430446499999988,-0.09528558151685829,-3.8300000000000054,-0.0894934241206764,1,0,0,0,0,0
2020-10-01,1.196764847,76.08316802978516,272.16406,40.19,0.17962195531338018,4.331827058140229,5.606405046231758,3.6936182084611096,0.081678315,0.07068994623769115,87.8097128,0.38954534059828383,-0.7199999999999989,-0.017756323480197622,1,0,0,0,0,0
2020-11-01,0.712766149,70.06746673583984,234.7634116,42.69,-0.3386018941328053,4.249458588394227,5.458578247872835,3.7539647007698704,-0.48399869800000006,-0.5182238494461855,-37.400648399999994,-0.14782679835892232,2.5,0.06034649230876088,1,0,0,0,0,0
2020-12-01,0.834651876,64.06729125976562,299.8446191,49.99,-0.18074055603455091,4.159933956932407,5.703264404147514,3.911822985425479,0.121885727,0.15786133809825437,65.08120749999998,0.24468615627467827,7.300000000000004,0.15785828465560847,1,0,0,0,0,0
2021-01-01,1.390418762,77.418701171875,180.8233972,54.77,0.3296049693965209,4.349228368618633,5.197520848877451,4.00314259879563,0.5557668859999999,0.5103455254310718,-119.0212219,-0.5057435552700627,4.780000000000001,0.09131961337015149,1,0,0,0,0,0
2021-02-01,1.052322375,73.95680236816406,207.0713994,62.28,0.050999507486404666,4.303481170973195,5.3330636584302225,4.131640346965797,-0.338096387,-0.27860546191011626,26.248002200000002,0.13554280955277154,7.509999999999998,0.12849774817016701,1,0,0,0,0,0
2021-03-01,0.805617985,78.61876678466797,145.2818833,65.41,-0.21614561285180922,4.364610434099488,4.9786758780123535,4.180675151973121,-0.24670438999999988,-0.2671451203382139,-61.789516099999986,-0.354387780417869,3.1299999999999955,0.04903480500732371,1,0,0,0,0,0
2021-04-01,1.12313369,88.16622161865234,103.877858,64.81,0.11612271586576448,4.4792239148139394,4.643215766635862,4.171459912439625,0.3175157049999999,0.3322683287175737,-41.4040253,-0.33546011137649145,-0.5999999999999943,-0.009215239533496344,1,0,0,0,0,0
2021-05-01,0.907380924,93.00713348388672,167.901495,68.53,-0.09719293467547974,4.532676194339459,5.123377468153443,4.227271605597732,-0.21575276599999993,-0.2133156505412442,64.02363700000001,0.48016170151758075,3.719999999999999,0.05581169315810719,1,0,0,0,0,0
2021-06-01,1.005586151,74.12712097167969,176.7582079,73.16,0.00557060632158129,4.305781470354464,5.1747827416051235,4.292648823522665,0.0982052269999999,0.10276354099706103,8.856712899999991,0.05140527345168078,4.6299999999999955,0.065377217924933,1,0,0,0,0,0
2021-07-01,0.829595328,58.42076873779297,244.3479261,75.17,-0.1868172537123782,4.067671455684949,5.498593136264553,4.319752215189378,-0.1759908229999999,-0.1923878600339595,67.5897182,0.3238103946594295,2.010000000000005,0.027103391666712717,1,0,0,0,0,0
2021-08-01,0.840977708,89.4865493774414,95.08021794,70.75,-0.173190125900327,4.494088327701124,4.554720934664377,4.259152536523347,0.011382380000000025,0.013627127812051193,-149.26770815999998,-0.9438722016001764,-4.420000000000002,-0.060599678666030776,1,0,0,0,0,0
2021-09-01,0.763730325,80.69696807861328,326.1647915,74.49,-0.26954052987561655,4.3907010042927155,5.787402749045721,4.310664888188185,-0.077247383,-0.09635040397528954,231.08457355999997,1.232681814381344,3.739999999999995,0.05151235166483836,1,0,0,0,0,0
2021-10-01,0.795088465,79.02923583984375,259.7489046,83.54,-0.22930189378904145,4.36981785792863,5.559715412838587,4.425325559069029,0.03135813999999992,0.0402386360865751,-66.41588689999998,-0.22768733620713366,9.050000000000011,0.11466067088084397,1,0,0,0,0,0
2021-11-01,1.799593144,86.56914520263672,411.2888056,81.05,0.5875606082421263,4.46094346111906,6.019295657749526,4.395066248181685,1.004504679,0.8168625020311677,151.539901,0.4595802449109385,-2.490000000000009,-0.03025931088734435,1,0,0,0,0,0
2021-12-01,1.184986177,105.34542083740234,266.2633128,74.17,0.16973110954015522,4.657244673120441,5.584485716900381,4.306359755748467,-0.6146069669999998,-0.41782949870197106,-145.0254928,-0.4348099408491448,-6.8799999999999955,-0.08870649243321793,1,0,0,0,0,0
2022-01-01,0.795262032,138.67498779296875,209.0009394,86.51,-0.2290836186339526,4.932132977915109,5.342338746691552,4.460260014192283,-0.3897241450000001,-0.3988147281741078,-57.2623734,-0.2421469702088288,12.340000000000003,0.15390025844381583,1,0,0,0,0,0
2022-02-01,1.099400261,216.1590118408203,221.277325,97.13,0.09476481384661413,5.376014302776663,5.399416779087051,4.5760502874142395,0.304138229,0.3238484324805667,12.276385599999998,0.057078032395499356,10.61999999999999,0.11579027322195667,1,0,0,0,0,0
2022-03-01,2.132560299,318.9549255371094,229.6155689,117.25,0.7573232761855742,5.765049793544454,5.436406470944408,4.764308407326388,1.0331600380000001,0.66255846233896,8.338243900000009,0.036989691857356455,20.120000000000005,0.1882581199121489,1,1,0,0,0,0
2022-04-01,1.802627099,191.14309692382807,225.9682532,104.58,0.5892451003124283,5.253022346091563,5.420394516838719,4.649952328759984,-0.32993320000000015,-0.16807817587314589,-3.647315700000007,-0.016011954105688453,-12.670000000000002,-0.11435607856640395,1,0,0,0,0,0
2022-05-01,1.23840883,142.25848388671875,235.5590969,113.34,0.21382735399586475,4.957645711907927,5.461961824226263,4.730392150741473,-0.5642182689999999,-0.37541774631656355,9.590843699999994,0.04156730738754355,8.760000000000005,0.08043982198148836,1,0,0,0,0,0
2022-06-01,1.279543489,130.7073211669922,189.2958277,122.71,0.2465033650983173,4.872960634111064,5.243311017296202,4.809823847988456,0.04113465899999991,0.03267601110245255,-46.263269199999996,-0.21865080693006078,9.36999999999999,0.07943169724698329,1,0,0,0,0,0
2022-07-01,1.166865336,117.17676544189452,336.7758492,111.93,0.1543209533299027,4.7636836104065505,5.819417573146295,4.717873675901176,-0.11267815299999984,-0.0921824117684146,147.4800215,0.5761065558500933,-10.779999999999987,-0.09195017208728018,1,0,0,0,0,0
2022-08-01,1.1552619,132.86322021484375,255.6456167,100.45,0.14432707151587829,4.889320179598371,5.543792175671998,4.609660091260944,-0.011603436000000134,-0.009993881814024413,-81.13023249999998,-0.2756253974742977,-11.480000000000004,-0.10821358464023234,1,0,0,0,0,0
2022-09-01,1.365904715,131.98587036132812,178.5962387,89.76,0.31181700395720335,4.882694874139679,5.185127608310221,4.497139441774387,0.21064281500000015,0.16748993244132507,-77.04937800000002,-0.3586645673617763,-10.689999999999998,-0.11252064948655693,1,0,0,0,0,0
2022-10-01,1.292985451,143.16241455078125,204.4393112,93.33,0.256953847599578,4.963979751854932,5.320271164690725,4.536141599577656,-0.07291926400000004,-0.05486315635762534,25.843072500000005,0.13514355638050368,3.569999999999993,0.0390021578032691,1,0,0,0,0,0
2022-11-01,1.322244001,116.7162857055664,220.3033416,91.42,0.2793302939901511,4.75974608144608,5.395005422099977,4.515464272903598,0.029258549999999994,0.022376446390573068,15.864030400000019,0.07473425740925155,-1.9099999999999966,-0.02067732667405764,1,0,0,0,0,0
2022-12-01,1.319259617,111.19593811035156,198.4815688,80.92,0.2770706830250329,4.711293853364718,5.290696243423247,4.393461012299545,-0.0029843840000001176,-0.002259610965118175,-21.82177280000002,-0.10430917867672918,-10.5,-0.12200326060405331,1,0,0,0,0,0
2023-01-01,1.353591042,104.2670440673828,213.5660193,82.5,0.30276109194012185,4.646955339568581,5.363946008756415,4.412798293340635,0.03433142499999997,0.025690408915088947,15.084450500000003,0.07324976533316718,1.5799999999999983,0.019337281041090115,1,0,0,0,0,0
2023-02-01,1.419556976,120.99437713623048,242.0564097,82.59,0.35034483420216533,4.795744074568471,5.489170796927469,4.413888607822626,0.06596593400000006,0.04758374226204348,28.490390399999995,0.12522478817105398,0.09000000000000341,0.0010903144819911503,1,0,0,0,0,0
2023-03-01,1.455099986,105.37997436523438,287.5295264,78.43,0.375074617162764,4.657572621520855,5.661325555485806,4.362206507224575,0.03554301000000004,0.02472978296059869,45.47311670000002,0.17215475855833784,-4.159999999999997,-0.05168210059805123,1,0,0,0,0,0
2023-04-01,1.641475085,106.80965423583984,226.2019158,84.64,0.49559527965364114,4.671048317907336,5.421428033142175,4.438406968109989,0.18637509899999993,0.12052066249087712,-61.327610600000014,-0.2398975223436315,6.209999999999994,0.07620046088541432,1,0,0,0,0,0
2023-05-01,1.453904386,108.46768188476562,227.9405454,75.47,0.3742526176643593,4.686452265797356,5.429084829159657,4.323735226296777,-0.1875706989999999,-0.12134266198928184,1.738629599999996,0.007656796017482037,-9.170000000000002,-0.11467174181321216,1,0,0,0,0,0
2023-06-01,1.342185537,110.52894592285156,218.04583,74.84,0.2942992830916336,4.705277440706791,5.384705270051793,4.315352501405889,-0.11171884900000006,-0.07995333457272569,-9.894715399999995,-0.044379559107864175,-0.6299999999999955,-0.008382724890887872,0,0,0,0,0,0
2023-07-01,1.221156043,107.44878387451172,231.7006585,80.11,0.19979798630772633,4.677014304965017,5.445446273471409,4.383400690227026,-0.12102949400000007,-0.09450129678390728,13.654828500000008,0.06074100341961586,5.269999999999996,0.06804818882113661,0,0,0,0,0,0
2023-08-01,1.255903724,101.14118194580078,153.4179509,86.15,0.22785541224178377,4.6165173818184835,5.03316590229543,4.456089962973938,0.03474768100000003,0.02805742593405744,-78.28270760000001,-0.4122803711759788,6.040000000000006,0.07268927274691261,0,0,0,0,0,0
2023-09-01,1.190510389,98.6348114013672,213.5992835,93.72,0.17438211349217225,4.591424256107698,5.364101752679665,4.540311613639595,-0.065393335,-0.053473298749611514,60.18133260000002,0.33093585038423523,7.569999999999993,0.08422165066565679,0,0,0,0,0,0
2023-10-01,1.320890447,197.8870086669922,150.6063625,90.6,0.278306090231355,5.287696204506243,5.014669562149348,4.506454213048934,0.13038005800000008,0.10392397673918274,-62.992921000000024,-0.34943219053031704,-3.1200000000000045,-0.033857400590661335,0,0,0,0,0,0
2023-11-01,0.659580775,156.69613647460938,249.2877564,82.94,-0.4161508351738547,5.054308493503519,5.518607877410125,4.418117454818235,-0.661309672,-0.6944569254052098,98.68139390000002,0.5039383152607773,-7.659999999999997,-0.08833675823069864,0,0,0,0,0,0
